id,StationName,StationCode,StationPinyin,StationAbb
@bjb,北京北,VAP,beijingbei,bjb
0@bjd,北京东,BOP,beijingdong,bjd
1@bji,北京,BJP,beijing,bj
2@bjn,北京南,VNP,beijingnan,bjn
3@bjx,北京大兴,IPP,beijingdaxing,bjdx
4@bjx,北京西,BXP,beijingxi,bjx
5@bjy,北京朝阳,IFP,beijingchaoyang,bjcy
6@cqb,重庆北,CUW,chongqingbei,cqb
8@cqi,重庆,CQW,chongqing,cq
9@cqn,重庆南,CRW,chongqingnan,cqn
11@cqx,重庆西,CXW,chongqingxi,cqx
12@sha,上海,SHH,shanghai,sh
13@shn,上海南,SNH,shanghainan,shn
14@shq,上海虹桥,AOH,shanghaihongqiao,shhq
15@shx,上海西,SXH,shanghaixi,shx
16@tjb,天津北,TBP,tianjinbei,tjb
17@tji,天津,TJP,tianjin,tj
18@tjn,天津南,TIP,tianjinnan,tjn
19@tjx,天津西,TXP,tianjinxi,tjx
20@bji,滨江,BJB,binjiang,bj
21@bla,百浪,BRZ,bailang,bl
22@bmq,班猫箐,BNM,banmaoqing,bmq
23@byi,北营,BIV,beiying,by
24@cch,长春,CCT,changchun,cc
25@ccn,长春南,CET,changchunnan,ccn
26@ccx,长春西,CRT,changchunxi,ccx
28@cdd,成都东,ICW,chengdudong,cdd
29@cdn,成都南,CNW,chengdunan,cdn
31@cdu,成都,CDW,chengdu,cd
32@cdx,成都西,CMW,chengduxi,cdx
33@cgy,陈官营,CAJ,chenguanying,cgy
34@csh,长沙,CSQ,changsha,cs
35@csn,长沙南,CWQ,changshanan,csn
36@csx,长沙西,RXQ,changshaxi,csx
37@czh,常庄,CVK,changzhuang,cz
38@dch,大成,DCT,dacheng,dc
39@dni,大拟,DNZ,dani,dn
40@dsp,读书铺,DPM,dushupu,dsp
41@dwt,大王滩,DZZ,dawangtan,dwt
42@dyu,大元,DYZ,dayuan,dy
43@fsc,丰水村,FSJ,fengshuicun,fsc
44@fzh,福州,FZS,fuzhou,fz
46@fzn,福州南,FYS,fuzhounan,fzn
48@gcd,甘草店,GDJ,gancaodian,gcd
49@gjz,孤家子,GKT,gujiazi,gjz
50@gnw,广南卫,GNM,guangnanwei,gnw
51@gya,贵阳,GIW,guiyang,gy
53@gyb,贵阳北,KQW,guiyangbei,gyb
54@gyd,贵阳东,KEW,guiyangdong,gyd
55@gzb,广州北,GBQ,guangzhoubei,gzb
56@gzd,广州东,GGQ,guangzhoudong,gzd
57@gzh,广州,GZQ,guangzhou,gz
58@gzn,广州南,IZQ,guangzhounan,gzn
59@gzx,广州西,GXQ,guangzhouxi,gzx
60@heb,哈尔滨北,HTB,haerbinbei,hebb
61@heb,哈尔滨,HBB,haerbin,heb
63@hed,哈尔滨东,VBB,haerbindong,hebd
64@hex,哈尔滨西,VAB,haerbinxi,hebx
65@hfc,合肥北城,COH,hefeibeicheng,hfbc
66@hfe,合肥,HFH,hefei,hf
67@hfn,合肥南,ENH,hefeinan,hfn
69@hgt,皇姑屯,HTT,huanggutun,hgt
70@hhd,呼和浩特东,NDC,huhehaotedong,hhhtd
71@hht,呼和浩特,HHC,huhehaote,hhht
72@hkd,海口东,HMQ,haikoudong,hkd
74@hko,海口,VUQ,haikou,hk
75@hzd,杭州东,HGH,hangzhoudong,hzd
76@hzh,杭州,HZH,hangzhou,hz
77@hzn,杭州南,XHH,hangzhounan,hzn
78@jmc,金马村,JMM,jinmacun,jmc
79@jna,济南,JNK,jinan,jn
81@jnd,济南东,MDK,jinandong,jnd
82@jnx,济南西,JGK,jinanxi,jnx
84@kmi,昆明,KMM,kunming,km
85@kmn,昆明南,KOM,kunmingnan,kmn
86@ljl,蔺家楼,ULK,linjialou,ljl
87@lqs,龙泉寺,UQJ,longquansi,lqs
88@lsa,拉萨,LSO,lasa,ls
89@lsc,乐善村,LUM,leshancun,lsc
90@lsp,林盛堡,LBT,linshengpu,lsp
91@ltx,骆驼巷,LTJ,luotuoxiang,ltx
92@lzd,兰州东,LVJ,lanzhoudong,lzd
93@lzh,兰州,LZJ,lanzhou,lz
94@lzq,兰州新区,LQJ,lanzhouxinqu,lzxq
95@lzx,兰州西,LAJ,lanzhouxi,lzx
96@msz,茂舍祖,MOM,maoshezu,msz
98@nch,南昌,NCG,nanchang,nc
99@ncu,宁村,NCZ,ningcun,nc
100@ncx,南昌西,NXG,nanchangxi,ncx
101@nji,南京,NJH,nanjing,nj
102@njn,南京南,NKH,nanjingnan,njn
103@nlu,那罗,ULZ,naluo,nl
104@nnd,南宁东,NFZ,nanningdong,nnd
105@nni,南宁,NNZ,nanning,nn
106@nnx,南宁西,NXZ,nanningxi,nnx
107@npu,那铺,NPZ,napu,np
108@nqu,暖泉,NQJ,nuanquan,nq
109@pdx,坡底下,PXJ,podixia,pdx
110@qdi,七甸,QDM,qidian,qd
111@sby,世博园,ZWT,shiboyuan,sby
112@sjb,石家庄北,VVP,shijiazhuangbei,sjzb
113@sjd,石家庄东,SXP,shijiazhuangdong,sjzd
114@sjt,邵家堂,SJJ,shaojiatang,sjt
115@sjz,石家庄,SJP,shijiazhuang,sjz
116@sjz,施家嘴,SHM,shijiazui,sjz
117@sya,沈阳,SYT,shenyang,sy
118@syb,沈阳北,SBT,shenyangbei,syb
119@syd,沈阳东,SDT,shenyangdong,syd
120@syn,沈阳南,SOT,shenyangnan,syn
121@syu,水源,OYJ,shuiyuan,sy
122@syx,沈阳西,OOT,shenyangxi,syx
123@syz,桑园子,SAJ,sangyuanzi,syz
124@tyb,太原北,TBV,taiyuanbei,tyb
125@tyd,太原东,TDV,taiyuandong,tyd
126@tyn,太原南,TNV,taiyuannan,tyn
127@tyu,太原,TYV,taiyuan,ty
128@wha,武汉,WHN,wuhan,wh
129@whd,武汉东,LFN,wuhandong,whd
130@wjw,王家湾,WJJ,wangjiawan,wjw
131@wln,乌鲁木齐南,WMR,wulumuqinan,wlmqn
132@wlq,乌鲁木齐,WAR,wulumuqi,wlmq
133@wzt,王兆屯,WZB,wangzhaotun,wzt
134@xab,西安北,EAY,xianbei,xab
135@xan,西安,XAY,xian,xa
136@xan,西安南,CAY,xiannan,xan
137@xgc,西固城,XUJ,xigucheng,xgc
138@xjk,西街口,EKM,xijiekou,xjk
139@xjt,许家台,XTJ,xujiatai,xjt
140@xni,西宁,XNO,xining,xn
141@xsh,小哨,XAM,xiaoshao,xs
142@ych,银川,YIJ,yinchuan,yc
143@yfy,永丰营,YYM,yongfengying,yfy
144@yjp,一间堡,YJT,yijianpu,yjp
145@yna,宜耐,YVM,yinai,yn
146@ypu,羊堡,ABM,yangpu,yp
147@yst,榆树台,YUT,yushutai,yst
148@zjy,朱家窑,ZUJ,zhujiayao,zjy
149@zzd,郑州东,ZAF,zhengzhoudong,zzd
151@zzh,郑州,ZZF,zhengzhou,zz
152@zzx,郑州西,XPF,zhengzhouxi,zzx
153@aax,昂昂溪,AAX,angangxi,aax
154@acb,阿城北,ABB,achengbei,acb
155@ach,阿城,ACB,acheng,ac
156@ada,安达,ADX,anda,ad
157@ade,安德,ARW,ande,ad
158@aeb,阿尔山北,ARX,aershanbei,aesb
159@aes,阿尔山,ART,aershan,aes
160@aji,安吉,AJU,anji,aj
161@aji,安靖,PYW,anjing,aj
162@aji,安家,AJB,anjia,aj
163@aka,安康,AKY,ankang,ak
164@aks,阿克苏,ASR,akesu,aks
165@akt,阿克陶,AER,aketao,akt
166@ale,阿拉尔,AOR,alaer,ale
167@alh,阿里河,AHX,alihe,alh
168@alk,阿拉山口,AKR,alashankou,alsk
169@alt,阿勒泰,AUR,aletai,alt
170@alu,安陆,ALN,anlu,al
171@alx,安陆西,AXN,anluxi,alx
172@api,安平,APT,anping,ap
173@aqi,安庆,AQH,anqing,aq
174@aqx,安庆西,AIU,anqingxi,aqx
175@ash,安顺,ASW,anshun,as
176@ash,鞍山,AST,anshan,as
177@asx,安顺西,ASE,anshunxi,asx
178@asx,鞍山西,AXT,anshanxi,asx
179@atb,安亭北,ASH,antingbei,atb
180@atx,安亭西,AXU,antingxi,atx
181@aya,安阳,AYF,anyang,ay
182@ayd,安阳东,ADF,anyangdong,ayd
183@ban,北安,BAB,beian,ba
184@bba,博白,BBZ,bobai,bb
185@bbn,蚌埠南,BMH,bengbunan,bbn
186@bbu,蚌埠,BBH,bengbu,bb
187@bch,巴楚,BCR,bachu,bc
188@bch,白城,BCT,baicheng,bc
189@bdb,宝坻北,BPP,baodibei,bdb
190@bdc,八达岭长城,VLP,badalingchangcheng,bdlcc
191@bdd,保定东,BMP,baodingdong,bdd
192@bdh,北戴河,BEP,beidaihe,bdh
193@bdi,保定,BDP,baoding,bd
194@bdl,八达岭,ILP,badaling,bdl
195@bdo,巴东,BBN,badong,bd
196@bfs,八方山,FGQ,bafangshan,bfs
197@bgu,柏果,BGM,baiguo,bg
198@bha,北海,BHZ,beihai,bh
199@bha,布海,BUT,buhai,bh
200@bha,滨海,YKP,binhai,bh
201@bhb,滨海北,FCP,binhaibei,bhb
202@bhe,白河,BEL,baihe,bh
203@bhx,滨海西,FHP,binhaixi,bhx
204@bji,毕节,BOE,bijie,bj
205@bji,宝鸡,BJY,baoji,bj
206@bji,白涧,BAP,baijian,bj
207@bjn,宝鸡南,BBY,baojinan,bjn
208@bjt,北京丰台,FTP,beijingfengtai,bjft
209@bkp,白奎堡,BKB,baikuipu,bkp
210@bkt,博克图,BKX,boketu,bkt
211@ble,博乐,BER,bole,bl
212@bli,巴林,BLX,balin,bl
213@bli,勃利,BLB,boli,bl
214@bmj,白马井,BFQ,baimajing,bmj
215@bmt,八面通,BMB,bamiantong,bmt
216@bpi,北票,BPT,beipiao,bp
217@bqi,宝清,BUB,baoqing,bq
218@bql,宝泉岭,BQB,baoquanling,bql
219@bse,百色,BIZ,baise,bs
220@bss,白山市,HJL,baishanshi,bss
221@bta,北台,BTT,beitai,bt
223@btd,包头东,BDC,baotoudong,btd
224@bto,包头,BTC,baotou,bt
225@bts,北屯市,BXR,beitunshi,bts
226@bxb,宾西北,BBB,binxibei,bxb
227@bxi,本溪,BXT,benxi,bx
228@bxj,步行街,BWW,buxingjie,bxj
229@bya,宾阳,UKZ,binyang,by
230@byb,白云鄂博,BEC,baiyunebo,byeb
231@byb,白云北,BVE,baiyunbei,byb
232@byb,白云机场北,BBA,baiyunjichangbei,byjcb
233@byd,白洋淀,FWP,baiyangdian,byd
234@byh,背荫河,BYB,beiyinhe,byh
235@byi,百宜,FHW,baiyi,by
236@byl,巴彦高勒,BAC,bayangaole,bygl
237@byq,鲅鱼圈,BYT,bayuquan,byq
238@byx,白银西,BXJ,baiyinxi,byx
239@byx,白云西,BXE,baiyunxi,byx
240@bzd,彬州东,BFY,binzhoudong,bzd
241@bzh,巴中,IEW,bazhong,bz
242@bzh,滨州,BIK,binzhou,bz
243@bzh,亳州,BZH,bozhou,bz
244@bzh,宾州,BZB,binzhou,bz
245@bzn,亳州南,BNU,bozhounan,bzn
246@cbg,查布嘎,CBC,chabuga,cbg
247@cbi,赤壁,CBN,chibi,cb
248@cbs,长白山,CUL,changbaishan,cbs
249@cde,常德,VGQ,changde,cd
250@cde,承德,CDP,chengde,cd
251@cdi,长甸,CDT,changdian,cd
252@cdn,承德南,IVP,chengdenan,cdn
253@cfd,曹妃甸东,POP,caofeidiandong,cfdd
254@cfe,赤峰,CID,chifeng,cf
255@cfg,曹妃甸港,PGP,caofeidiangang,cfdg
256@cfn,赤峰南,CFD,chifengnan,cfn
257@cga,嵯岗,CAX,cuogang,cg
258@cga,柴岗,CGT,chaigang,cg
259@cgb,长葛北,CGF,changgebei,cgb
260@cgp,柴沟堡,CGV,chaigoupu,cgp
261@cgu,城固,CGY,chenggu,cg
262@cgz,成高子,CZB,chenggaozi,cgz
263@cha,草海,WBW,caohai,ch
264@chd,巢湖东,GUH,chaohudong,chd
265@che,柴河,CHB,chaihe,ch
266@chu,巢湖,CIH,chaohu,ch
267@cji,从江,KNW,congjiang,cj
268@cjy,蔡家崖,EBV,caijiaya,cjy
269@cld,长乐东,CIS,changledong,cld
270@cle,长乐,CAS,changle,cl
271@clh,长临河,FVH,changlinhe,clh
272@cli,慈利,CUQ,cili,cl
273@cli,茶陵,CDG,chaling,cl
274@cli,崇礼,KOP,chongli,cl
275@cli,昌黎,CLP,changli,cl
276@cli,长流,CLA,changliu,cl
277@cln,长乐南,CVS,changlenan,cln
278@cmi,晨明,CMB,chenming,cm
279@cna,苍南,CEH,cangnan,cn
280@cpb,昌平北,VBP,changpingbei,cpb
281@cpd,常平东,FQQ,changpingdong,cpd
282@cpi,昌平,CPP,changping,cp
283@cqq,长庆桥,CQJ,changqingqiao,cqq
284@cre,崇仁,CRG,chongren,cr
285@csb,长寿北,COW,changshoubei,csb
286@csh,潮汕,CBQ,chaoshan,cs
287@csq,察素齐,CSC,chasuqi,csq
288@cti,朝天,CTE,chaotian,ct
289@ctn,长汀南,CNS,changtingnan,ctn
290@ctn,朝天南,CTY,chaotiannan,ctn
291@ctu,昌图,CTT,changtu,ct
292@ctx,昌图西,CPT,changtuxi,ctx
293@ctz,长汀镇,CDB,changtingzhen,ctz
294@cwu,长武,CWY,changwu,cw
295@cxi,苍溪,CXE,cangxi,cx
296@cxi,辰溪,CXQ,chenxi,cx
297@cxi,磁县,CIP,cixian,cx
298@cxi,楚雄,CUM,chuxiong,cx
299@cxi,曹县,CXK,caoxian,cx
300@cxi,城西,CIA,chengxi,cx
301@cxn,长兴南,CFH,changxingnan,cxn
302@cxt,陈相屯,CXT,chenxiangtun,cxt
303@cya,春阳,CAL,chunyang,cy
304@cya,潮阳,CNQ,chaoyang,cy
305@cyc,朝阳川,CYL,chaoyangchuan,cyc
306@cyh,朝阳湖,CYE,chaoyanghu,cyh
307@czb,滁州北,CUH,chuzhoubei,czb
308@czb,常州北,ESH,changzhoubei,czb
309@czb,长治北,CBF,changzhibei,czb
310@czd,长治东,CUF,changzhidong,czd
311@czh,长征,CZJ,changzheng,cz
312@czh,池州,IYH,chizhou,cz
313@czh,滁州,CXH,chuzhou,cz
314@czh,郴州,CZQ,chenzhou,cz
315@czh,沧州,COP,cangzhou,cz
316@czh,常州,CZH,changzhou,cz
317@czh,长治,CZF,changzhi,cz
318@czh,崇州,CZE,chongzhou,cz
319@czu,崇左,CZZ,chongzuo,cz
320@czx,郴州西,ICQ,chenzhouxi,czx
321@czx,沧州西,CBP,cangzhouxi,czx
322@dab,大安北,RNT,daanbei,dab
323@dad,东安东,DCZ,dongandong,dad
324@dbc,达坂城,DCR,dabancheng,dbc
325@dbi,定边,DYJ,dingbian,db
326@dch,东岔,DCJ,dongcha,dc
327@ddo,丹东,DUT,dandong,dd
328@dfa,东方,UFQ,dongfang,df
329@dfe,丹凤,DGY,danfeng,df
330@dfe,大丰,KRQ,dafeng,df
331@dfh,东方红,DFB,dongfanghong,dfh
332@dfn,大方南,DNE,dafangnan,dfn
333@dfn,东风南,DPJ,dongfengnan,dfn
334@dgb,东港北,RGT,donggangbei,dgb
335@dgd,东莞东,DMQ,dongguandong,dgd
336@dgn,东莞南,DNA,dongguannan,dgn
337@dgs,大孤山,RMT,dagushan,dgs
338@dgu,东莞,RTQ,dongguan,dg
339@dgx,东莞西,WGQ,dongguanxi,dgx
340@dhq,大红旗,DQD,dahongqi,dhq
341@dhs,大虎山,DHD,dahushan,dhs
342@dhu,敦化,DHL,dunhua,dh
343@dhu,敦煌,DHJ,dunhuang,dh
344@dhu,德惠,DHT,dehui,dh
345@dhx,德惠西,DXT,dehuixi,dhx
346@djc,东京城,DJB,dongjingcheng,djc
347@djg,达家沟,DJT,dajiagou,djg
348@dji,垫江,DJE,dianjiang,dj
349@dji,道滘,RRQ,daojiao,dj
350@dji,大涧,DFP,dajian,dj
351@dji,杜家,DJL,dujia,dj
352@dji,洞井,FWQ,dongjing,dj
353@djy,都江堰,DDW,dujiangyan,djy
354@dko,洞口,DKA,dongkou,dk
355@dlb,大连北,DFT,dalianbei,dlb
356@dlh,德令哈,DHO,delingha,dlh
357@dlh,达连河,DCB,dalianhe,dlh
358@dli,大荔,DNY,dali,dl
359@dli,大理,DKM,dali,dl
360@dli,大连,DLT,dalian,dl
361@dmh,大明湖,JAK,daminghu,dmh
362@dml,得莫利,DTB,demoli,dml
363@dmx,东明县,DNF,dongmingxian,dmx
364@dna,定南,DNG,dingnan,dn
365@dnn,定南南,DIG,dingnannan,dnn
366@dpu,大埔,DPI,dapu,dp
367@dqd,大庆东,LFX,daqingdong,dqd
368@dqi,大庆,DZX,daqing,dq
369@dqs,对青山,DQB,duiqingshan,dqs
370@dqx,大庆西,RHX,daqingxi,dqx
371@dsh,东胜,DOC,dongsheng,ds
372@dsh,独山,RWW,dushan,ds
373@dsn,砀山南,PRH,dangshannan,dsn
374@dsq,大石桥,DQT,dashiqiao,dsq
375@dsx,东胜西,DYC,dongshengxi,dsx
376@dtn,大同南,DMV,datongnan,dtn
377@dto,大同,DTV,datong,dt
378@dtu,大屯,DNT,datun,dt
379@dtx,大通西,DTO,datongxi,dtx
380@dwk,大武口,DFJ,dawukou,dwk
381@dwu,党武,DWE,dangwu,dw
382@dxb,定西北,DNJ,dingxibei,dxb
383@dxc,大兴机场,IWP,daxingjichang,dxjc
384@dxi,定西,DSJ,dingxi,dx
385@dxi,东乡,DXG,dongxiang,dx
386@dxi,大兴,DXX,daxing,dx
387@dya,德阳,DYW,deyang,dy
388@dya,当阳,DYN,dangyang,dy
389@dya,丹阳,DYH,danyang,dy
390@dyb,大冶北,DBN,dayebei,dyb
391@dyd,大英东,IAW,dayingdong,dyd
392@dyd,都匀东,KJW,duyundong,dyd
393@dyi,东营,DPK,dongying,dy
394@dyi,大邑,DEE,dayi,dy
395@dyn,东营南,DOK,dongyingnan,dyn
396@dys,大杨树,DUX,dayangshu,dys
397@dyu,都匀,RYW,duyun,dy
398@dzd,德州东,DIP,dezhoudong,dzd
399@dzd,定州东,DOP,dingzhoudong,dzd
400@dzd,邓州东,DDF,dengzhoudong,dzd
401@dzh,东至,DCH,dongzhi,dz
402@dzh,达州,RXW,dazhou,dz
403@dzh,德州,DZP,dezhou,dz
404@dzh,定州,DXP,dingzhou,dz
405@dzh,邓州,DOF,dengzhou,dz
406@ebi,峨边,EBW,ebian,eb
407@ees,鄂尔多斯,EEC,eerduosi,eeds
408@ejn,额济纳,EJC,ejina,ejn
409@eli,二连,RLC,erlian,el
410@eme,峨眉,EMW,emei,em
411@ems,峨眉山,IXW,emeishan,ems
412@epg,阿房宫,EGY,epanggong,epg
413@esh,恩施,ESN,enshi,es
414@ezh,鄂州,ECN,ezhou,ez
415@fcb,防城港北,FBZ,fangchenggangbei,fcgb
416@fdi,福鼎,FES,fuding,fd
417@fdo,肥东,FIH,feidong,fd
418@fdu,丰都,FUW,fengdu,fd
419@fer,发耳,FEM,faer,fe
420@fha,福海,FHR,fuhai,fh
421@fhc,凤凰机场,FJQ,fenghuangjichang,fhjc
422@fhc,凤凰城,FHT,fenghuangcheng,fhc
423@fhe,汾河,FEV,fenhe,fh
424@fhu,奉化,FHH,fenghua,fh
425@fji,富锦,FIB,fujin,fj
426@fjt,范家屯,FTT,fanjiatun,fjt
427@flb,涪陵北,FEW,fulingbei,flb
428@fld,风陵渡,FLV,fenglingdu,fld
429@fli,涪陵,FLW,fuling,fl
430@flj,富拉尔基,FRX,fulaerji,flej
431@flq,福利区,FLJ,fuliqu,flq
432@fnd,阜宁东,FDU,funingdong,fnd
433@fni,富宁,FNM,funing,fn
434@fqi,福清,FQS,fuqing,fq
435@fqu,福泉,VMW,fuquan,fq
436@frn,芙蓉南,KCQ,furongnan,frn
437@fsb,抚顺北,FET,fushunbei,fsb
438@fsh,富顺,FSE,fushun,fs
439@fsh,佛山,FSQ,foshan,fs
440@fsu,扶绥,FSZ,fusui,fs
441@fsx,佛山西,FOQ,foshanxi,fsx
442@fti,福田,NZQ,futian,ft
443@fxi,凤县,FXY,fengxian,fx
444@fxi,阜新,FOT,fuxin,fx
445@fxi,肥西,FAH,feixi,fx
446@fxn,阜新南,FXD,fuxinnan,fxn
447@fya,阜阳,FYH,fuyang,fy
448@fya,富阳,FYU,fuyang,fy
449@fyb,扶余北,FBT,fuyubei,fyb
450@fyi,分宜,FYG,fenyi,fy
451@fyu,富蕴,FYR,fuyun,fyu
452@fyu,富源,FYM,fuyuan,fy
453@fyu,抚远,FYB,fuyuan,fy
454@fyu,富裕,FYX,fuyu,fy
455@fyx,阜阳西,FXU,fuyangxi,fyx
456@fzh,丰镇,FZC,fengzhen,fz
457@fzh,凤州,FZY,fengzhou,fz
458@fzh,抚州,FZG,fuzhou,fz
459@fzh,方正,FNB,fangzheng,fz
460@gan,广安南,VUW,guangannan,gan
461@gan,广安,VJW,guangan,ga
462@gan,高安,GCG,gaoan,ga
464@gan,贵安,GAE,guian,ga
465@gbk,古北口,GKP,gubeikou,gbk
466@gch,藁城,GEP,gaocheng,gc
467@gcn,藁城南,GUP,gaochengnan,gcn
468@gcu,高村,GCV,gaocun,gc
469@gdo,古东,GDV,gudong,gd
470@gem,格尔木,GRO,geermu,gem
471@gga,贵港,GGZ,guigang,gg
472@ggu,甘谷,GGJ,gangu,gg
473@ghe,根河,GEX,genhe,gh
474@ghu,高花,HGD,gaohua,gh
475@gji,古交,GJV,gujiao,gj
476@gla,皋兰,GEJ,gaolan,gl
477@glb,桂林北,GBZ,guilinbei,glb
478@gle,高楞,GLB,gaoleng,gl
479@gli,桂林,GLZ,guilin,gl
480@gli,古莲,GRX,gulian,gl
481@glu,甘洛,VOW,ganluo,gl
482@gmz,公庙子,GMC,gongmiaozi,gmz
483@gnx,广南县,GXM,guangnanxian,gnx
484@gpi,桂平,GAZ,guiping,gp
485@gqc,共青城,GAG,gongqingcheng,gqc
486@gsh,固始,GXN,gushi,gs
487@gsh,广水,GSN,guangshui,gs
488@gsh,谷山,FFQ,gushan,gs
489@gsl,观沙岭,FKQ,guanshaling,gsl
490@gta,干塘,GNJ,gantang,gt
491@gtb,广通北,GPM,guangtongbei,gtb
492@gtz,古田会址,STS,gutianhuizhi,gthz
493@gxi,高兴,VWW,gaoxing,gx
494@gyi,高邑,GIP,gaoyi,gy
495@gyi,巩义,GXF,gongyi,gy
496@gyn,巩义南,GYF,gongyinan,gyn
497@gyu,固原,GUJ,guyuan,gy
498@gyu,广元,GYW,guangyuan,gy
499@gyu,赣榆,GYU,ganyu,gy
500@gyx,高邑西,GNP,gaoyixi,gyx
501@gzh,高州,GSQ,gaozhou,gz
502@gzh,赣州,GZG,ganzhou,gz
503@gzl,公主岭,GLT,gongzhuling,gzl
504@gzn,公主岭南,GBT,gongzhulingnan,gzln
505@gzs,冠豸山,GPS,guanzhaishan,gzs
506@gzx,盖州西,GAT,gaizhouxi,gzx
507@gzx,赣州西,GOG,ganzhouxi,gzx
508@had,淮安东,HAU,huaiandong,had
509@han,淮安,AUH,huaian,ha
510@hax,红安西,VXN,honganxi,hax
511@hbe,淮北,HRH,huaibei,hb
512@hbe,鹤北,HMB,hebei,hb
513@hbi,淮滨,HVN,huaibin,hb
514@hbi,河边,HBV,hebian,hb
515@hcd,湖潮东,HCE,huchaodong,hcd
516@hch,韩城,HCY,hancheng,hc
517@hch,合川,WKW,hechuan,hc
518@hch,珲春,HUL,hunchun,hc
519@hch,潢川,KCN,huangchuan,hc
520@hch,海城,HCT,haicheng,hc
521@hcj,花城街,HCA,huachengjie,hcj
522@hcu,黄村,HCP,huangcun,hc
523@hcx,海城西,HXT,haichengxi,hcx
524@hda,邯郸,HDP,handan,hd
525@hdc,河东机场,HFJ,hedongjichang,hdjc
526@hdd,邯郸东,HPP,handandong,hdd
527@hdo,惠东,KDQ,huidong,hd
528@hdp,哈达铺,HDJ,hadapu,hdp
529@hdu,花都,HAA,huadu,hd
530@hdx,洪洞西,HTV,hongtongxi,hdx
531@hdz,横道河子,HDB,hengdaohezi,hdhz
532@hes,霍尔果斯,HFR,huoerguosi,hegs
533@hga,鹤岗,HGB,hegang,hg
534@hgd,黄冈东,KAN,huanggangdong,hgd
535@hgu,红果,HEM,hongguo,hg
536@hgu,汉沽,HGP,hangu,hg
537@hgz,红光镇,IGW,hongguangzhen,hgz
538@hhe,黑河,HJB,heihe,hh
539@hhe,浑河,HHT,hunhe,hh
540@hhn,怀化南,KAQ,huaihuanan,hhn
541@hhq,黄河景区,HCF,huanghejingqu,hhjq
542@hhu,怀化,HHQ,huaihua,hh
543@hhu,后湖,IHN,houhu,hh
544@hji,和静,HJR,hejing,hj
545@hji,河津,HJV,hejin,hj
546@hji,怀集,FAQ,huaiji,hj
547@hji,华家,HJT,huajia,hj
548@hkb,河口北,HBM,hekoubei,hkb
549@hkl,宏克力,OKB,hongkeli,hkl
550@hkn,河口南,HKJ,hekounan,hkn
551@hko,汉口,HKN,hankou,hk
552@hla,呼兰,HUB,hulan,hl
553@hlb,葫芦岛北,HPD,huludaobei,hldb
554@hld,葫芦岛,HLD,huludao,hld
555@hle,海拉尔,HRX,hailaer,hle
556@hlh,哈拉海,HIT,halahai,hlh
557@hli,寒岭,HAT,hanling,hl
558@hli,海林,HRB,hailin,hl
559@hli,虎林,VLB,hulin,hl
560@hll,霍林郭勒,HWD,huolinguole,hlgl
561@hln,黄陵南,VLY,huanglingnan,hln
562@hlu,海伦,HLB,hailun,hl
563@hma,侯马,HMV,houma,hm
564@hmd,黄梅东,HDU,huangmeidong,hmd
565@hme,鲘门,KMQ,houmen,hm
566@hme,海门,HMU,haimen,hm
567@hmi,哈密,HMR,hami,hm
568@hmx,侯马西,HPV,houmaxi,hmx
569@hna,淮南,HAH,huainan,hn
570@hna,桦南,HNB,huanan,hn
571@hnd,淮南东,HOH,huainandong,hnd
572@hnn,淮南南,HNU,huainannan,hnn
573@hnx,海宁西,EUH,hainingxi,hnx
574@hqi,鹤庆,HQM,heqing,hq
575@hrb,怀柔北,HBP,huairoubei,hrb
576@hrd,怀仁东,HFV,huairendong,hrd
577@hrn,怀柔南,IMP,huairounan,hrn
578@hro,怀柔,HRP,huairou,hr
579@hsb,华山北,HDY,huashanbei,hsb
580@hsb,衡水北,IHP,hengshuibei,hsb
581@hsb,黄山北,NYH,huangshanbei,hsb
582@hsd,黄石东,OSN,huangshidong,hsd
583@hsg,和什托洛盖,VSR,heshituoluogai,hstlg
584@hsh,华山,HGY,huashan,hs
585@hsh,和硕,VUR,heshuo,hs
586@hsh,黑水,HOT,heishui,hs
587@hsh,衡水,HSP,hengshui,hs
588@hsh,黄石,HSN,huangshi,hs
589@hsh,黄山,HKH,huangshan,hs
590@hsn,花山南,KNN,huashannan,hsn
591@hss,黑山寺,HVP,heishansi,hss
592@hst,虎石台,HUT,hushitai,hst
593@hsw,海石湾,HSO,haishiwan,hsw
594@hsz,花山镇,HZA,huashanzhen,hsz
595@htd,黄土店,HKP,huangtudian,htd
596@htg,花土沟,HTO,huatugou,htg
597@hti,和田,VTR,hetian,ht
598@hto,会同,VTQ,huitong,ht
599@hwa,海湾,RWH,haiwan,hw
600@hxc,花溪大学城,HDE,huaxidaxuecheng,hxdxc
601@hxi,环县,KXJ,huanxian,hx
602@hxn,花溪南,HNE,huaxinan,hxn
603@hxx,花溪西,HUE,huaxixi,hxx
604@hya,衡阳,HYQ,hengyang,hy
605@hyd,河源东,HEA,heyuandong,hyd
606@hyd,衡阳东,HVQ,hengyangdong,hyd
607@hyi,华蓥,HUW,huaying,hy
608@hyi,鄠邑,KXY,huyi,hyi
609@hyu,汉源,WHW,hanyuan,hy
610@hyu,河源,VIQ,heyuan,hy
611@hyu,湟源,HNO,huangyuan,hy
612@hzb,惠州北,HUA,huizhoubei,hzb
613@hzd,菏泽东,KDK,hezedong,hzd
614@hze,菏泽,HIK,heze,hz
615@hzh,贺州,HXZ,hezhou,hz
616@hzh,华州,HXY,huazhou,hz
617@hzh,湖州,VZH,huzhou,hz
618@hzh,汉中,HOY,hanzhong,hz
619@hzh,惠州,HCQ,huizhou,hz
620@hzn,惠州南,KNQ,huizhounan,hzn
621@jan,吉安,VAG,jian,ja
622@jan,集安,JAL,jian,ja
623@jan,建安,JUL,jianan,ja
624@jax,吉安西,JIG,jianxi,jax
625@jbc,江边村,JBG,jiangbiancun,jbc
626@jcd,晋城东,JGF,jinchengdong,jcd
627@jch,金昌,JCJ,jinchang,jc
628@jch,晋城,JCF,jincheng,jc
629@jcj,金城江,JJZ,jinchengjiang,jcj
630@jdb,景德镇北,JDG,jingdezhenbei,jdzb
631@jde,建德,JDU,jiande,jd
632@jdo,鸡东,JOB,jidong,jd
633@jdz,景德镇,JCG,jingdezhen,jdz
634@jfe,嘉峰,JFF,jiafeng,jf
635@jgq,加格达奇,JGX,jiagedaqi,jgdq
636@jgs,井冈山,JGG,jinggangshan,jgs
637@jha,近海,JHD,jinhai,jh
638@jha,静海,JHP,jinghai,jh
639@jhe,蛟河,JHL,jiaohe,jh
640@jhn,精河南,JIR,jinghenan,jhn
641@jhn,金华南,RNH,jinhuanan,jhn
642@jhu,金华,JBH,jinhua,jh
643@jhx,蛟河西,JOL,jiaohexi,jhx
644@jhz,金华镇,JZE,jinhuazhen,jhz
645@jji,晋江,JJS,jinjiang,jj
646@jji,九江,JJG,jiujiang,jj
647@jlb,军粮城北,JMP,junliangchengbei,jlcb
648@jlh,贾鲁河,JLF,jialuhe,jlh
649@jli,吉林,JLL,jilin,jl
650@jmb,即墨北,JVK,jimobei,jmb
651@jme,江门,JOQ,jiangmen,jm
652@jme,荆门,JMN,jingmen,jm
653@jmg,剑门关,JME,jianmenguan,jmg
654@jms,佳木斯,JMB,jiamusi,jms
656@jna,井南,JNP,jingnan,jn
657@jnb,建宁县北,JCS,jianningxianbei,jnxb
658@jni,济宁,JIK,jining,jn
659@jni,江宁,JJH,jiangning,jn
660@jnn,集宁南,JAC,jiningnan,jnn
661@jnx,江宁西,OKH,jiangningxi,jnx
662@jpe,经棚,JPC,jingpeng,jp
663@jpi,建平,JAD,jianping,jp
664@jqn,酒泉南,JNJ,jiuquannan,jqn
665@jqu,酒泉,JQJ,jiuquan,jq
666@jsb,金山北,EGH,jinshanbei,jsb
667@jsd,吉首东,JDA,jishoudong,jsd
668@jsh,吉首,JIQ,jishou,js
669@jsh,江山,JUH,jiangshan,js
670@jsh,尖山,JPQ,jianshan,js
671@jsj,建三江,JIB,jiansanjiang,jsj
672@jsn,界首南,JKU,jieshounan,jsn
673@jta,九台,JTL,jiutai,jt
674@jtn,九台南,JNL,jiutainan,jtn
675@jts,镜铁山,JVJ,jingtieshan,jts
676@jxb,绩溪北,NRH,jixibei,jxb
677@jxd,介休东,JDV,jiexiudong,jxd
678@jxi,介休,JXV,jiexiu,jx
679@jxi,靖西,JMZ,jingxi,jx
680@jxi,嘉兴,JXH,jiaxing,jx
681@jxi,鸡西,JXB,jixi,jx
682@jxi,井陉,JJP,jingxing,jx
683@jxi,进贤,JUG,jinxian,jx
684@jxn,嘉兴南,EPH,jiaxingnan,jxn
685@jxn,进贤南,JXG,jinxiannan,jxn
686@jxx,绩溪县,JRH,jixixian,jxx
687@jxx,鸡西西,JAB,jixixi,jxx
688@jya,金阳,JYE,jinyang,jy
689@jye,巨野,JYK,juye,jy
690@jyg,嘉峪关,JGJ,jiayuguan,jyg
691@jyn,嘉峪关南,JBJ,jiayuguannan,jygn
692@jyn,金阳南,JNE,jinyangnan,jyn
693@jyn,简阳南,JOW,jianyangnan,jyn
694@jyo,江油,JFW,jiangyou,jy
695@jyt,金银潭,JTN,jinyintan,jyt
696@jyu,靖宇,JYL,jingyu,jy
697@jzb,锦州北,JFT,jinzhoubei,jzb
698@jzb,蓟州北,JKP,jizhoubei,jzb
699@jzh,荆州,JBN,jingzhou,jz
700@jzh,金寨,JZH,jinzhai,jz
701@jzh,锦州,JZD,jinzhou,jz
702@jzh,金州,JZT,jinzhou,jz
703@jzh,晋州,JXP,jinzhou,jz
704@jzh,蓟州,JIP,jizhou,jz
705@jzn,锦州南,JOD,jinzhounan,jzn
706@jzu,焦作,JOF,jiaozuo,jz
707@jzx,焦作西,JIF,jiaozuoxi,jzx
708@kan,开安,KAT,kaian,ka
709@kch,库车,KCR,kuche,kc
710@kde,库都尔,KDX,kuduer,kde
711@kel,库尔勒,KLR,kuerle,kel
712@kfb,开封北,KBF,kaifengbei,kfb
713@kfe,开封,KFF,kaifeng,kf
714@kfs,开福寺,FLQ,kaifusi,kfs
715@khu,开化,KHU,kaihua,kh
716@kjj,康金井,KJB,kangjinjing,kjj
717@kla,岢岚,KLV,kelan,kl
718@kli,凯里,KLW,kaili,kl
719@kln,凯里南,QKW,kailinan,kln
720@klu,库伦,KLD,kulun,kl
721@klu,开鲁,KLC,kailu,kl
722@kly,克拉玛依,KHR,kelamayi,klmy
723@ksh,喀什,KSR,kashi,ks
724@ksh,昆山,KSH,kunshan,ks
725@ksh,克山,KSB,keshan,ks
726@ksn,昆山南,KNH,kunshannan,ksn
727@ktu,奎屯,KTR,kuitun,kt
728@kya,开阳,KVW,kaiyang,ky
729@kya,昆阳,KAM,kunyang,ky
730@kyu,开原,KYT,kaiyuan,ky
731@kyx,开原西,KXT,kaiyuanxi,kyx
732@kzh,康庄,KZP,kangzhuang,kz
733@kzu,喀左,KZT,kazuo,kz
734@lad,隆安东,IDZ,longandong,lad
735@lan,六安,UAH,luan,la
736@lba,灵宝,LBF,lingbao,lb
737@lbb,来宾北,UCZ,laibinbei,lbb
738@lbx,灵宝西,LPF,lingbaoxi,lbx
739@lby,绿博园,LCF,lvboyuan,lby
740@lca,临沧,LXM,lincang,lc
741@lcb,隆昌北,NWW,longchangbei,lcb
742@lcd,乐昌东,ILQ,lechangdong,lcd
743@lcg,芦潮港,UCH,luchaogang,lcg
744@lch,陆川,LKZ,luchuan,lc
745@lch,龙川,LUQ,longchuan,lc
746@lch,利川,LCN,lichuan,lc
747@lch,临川,LCG,linchuan,lc
748@lch,隆昌,LCW,longchang,lc
749@lch,潞城,UTP,lucheng,lc
750@lch,聊城,UCK,liaocheng,lc
751@lch,陵城,LGK,lingcheng,lc
752@lcx,龙川西,LCA,longchuanxi,lcx
753@lcz,老城镇,ACQ,laochengzhen,lcz
754@lda,两当,LDY,liangdang,ld
755@lda,鹿道,LDL,ludao,ld
756@ldb,龙洞堡,FVW,longdongbao,ldb
757@ldi,娄底,LDQ,loudi,ld
758@ldn,娄底南,UOQ,loudinan,ldn
759@ldy,离堆公园,INW,liduigongyuan,ldgy
760@lfa,廊坊,LJP,langfang,lf
761@lfa,娄烦,USV,loufan,lf
762@lfb,廊坊北,LFP,langfangbei,lfb
763@lfe,陆丰,LLQ,lufeng,lf
764@lfe,临汾,LFV,linfen,lf
765@lfx,临汾西,LXV,linfenxi,lfx
766@lgu,拉古,LGB,lagu,lg
767@lgu,芦官,LAE,luguan,lg
768@lgu,麓谷,BNQ,lugu,lg
769@lgz,良各庄,LGP,lianggezhuang,lgz
770@lhe,临河,LHC,linhe,lh
771@lhe,柳河,LNL,liuhe,lh
772@lhe,漯河,LON,luohe,lh
773@lhe,六合,KLH,liuhe,lh
774@lhn,珞璜南,LNE,luohuangnan,lhn
775@lhu,隆回,LHA,longhui,lh
776@lhu,隆化,UHP,longhua,lh
777@lhu,绿化,LWJ,lvhua,lh
778@lhx,漯河西,LBN,luohexi,lhx
779@ljd,刘家店,UDT,liujiadian,ljd
780@lji,龙井,LJL,longjing,lj
781@lji,临江,LQL,linjiang,lj
782@lji,丽江,LHM,lijiang,lj
783@lji,龙嘉,UJL,longjia,lj
784@lji,庐江,UJH,lujiang,lj
785@lji,连江,LKS,lianjiang,lj
786@ljx,庐江西,LUU,lujiangxi,ljx
787@lka,兰考,LKF,lankao,lk
788@lkn,兰考南,LUF,lankaonan,lkn
789@lko,林口,LKB,linkou,lk
790@lks,龙口市,UKK,longkoushi,lks
791@lli,吕梁,LHV,lvliang,ll
792@lli,醴陵,LLG,liling,ll
793@lli,兰棱,LLB,lanling,ll
794@lli,拉林,LAB,lalin,ll
795@lln,柳林南,LKV,liulinnan,lln
796@lna,陇南,INJ,longnan,ln
797@lny,辽宁朝阳,VET,liaoningchaoyang,lncy
798@lpi,梁平,UQW,liangping,lp
799@lpi,滦平,UPP,luanping,lp
800@lpi,罗平,LPM,luoping,lp
801@lpn,梁平南,LPE,liangpingnan,lpn
802@lpn,临平南,EVH,linpingnan,lpn
803@lps,六盘水,UMW,liupanshui,lps
804@lqi,灵丘,LVV,lingqiu,lq
805@lqi,龙桥,LQU,longqiao,lq
806@lsb,龙山北,LBA,longshanbei,lsb
807@lsd,灵石东,UDV,lingshidong,lsd
808@lsh,乐山,IVW,leshan,ls
809@lsh,陵水,LIQ,lingshui,ls
810@lsh,丽水,USH,lishui,ls
811@lsh,旅顺,LST,lvshun,ls
812@lsh,庐山,LSG,lushan,ls
813@lsh,溧水,LDH,lishui,ls
814@lsx,岚山西,UWK,lanshanxi,lsx
815@lta,黎塘,LTZ,litang,lt
816@lta,芦台,LTP,lutai,lt
817@lto,临潼,LIY,lintong,lt
818@lto,乐同,LEA,letong,lt
819@lwb,灵武北,UWJ,lingwubei,lwb
820@lwd,莱芜东,LWK,laiwudong,lwd
821@lwj,洛湾三江,KRW,luowansanjiang,lwsj
822@lxi,泸县,LXE,luxian,lx
823@lxi,澧县,LEQ,lixian,lx
824@lxi,陇西,LXJ,longxi,lx
825@lxi,陇县,LXY,longxian,lx
826@lxi,临西,UEP,linxi,lx
827@lxi,莱西,LBK,laixi,lx
828@lxi,兰溪,LWH,lanxi,lx
829@lxi,良乡,LAP,liangxiang,lx
830@lya,略阳,LYY,lueyang,ly
831@lya,辽阳,LYT,liaoyang,ly
832@lya,耒阳,LYQ,leiyang,ly
833@lya,溧阳,LEH,liyang,ly
834@lya,龙岩,LYS,longyan,ly
836@lya,洛阳,LYF,luoyang,ly
837@lyb,临沂北,UMK,linyibei,lyb
839@lyd,连云港东,UKH,lianyungangdong,lygd
840@lyd,洛阳东,LDF,luoyangdong,lyd
841@lyg,连云港,UIH,lianyungang,lyg
842@lyi,临沂,LVK,linyi,ly
843@lym,洛阳龙门,LLF,luoyanglongmen,lylm
844@lyn,柳园南,LNR,liuyuannan,lyn
845@lyu,凌源,LYD,lingyuan,ly
846@lyu,辽源,LYL,liaoyuan,ly
847@lyu,柳园,DHR,liuyuan,ly
848@lyu,涟源,LAQ,lianyuan,ly
849@lyu,涞源,LYP,laiyuan,ly
850@lyu,罗源,LVS,luoyuan,ly
851@lyx,耒阳西,LPQ,leiyangxi,lyx
852@lzh,泸州,LUE,luzhou,lz
853@lzh,林芝,LZO,linzhi,lz
854@lzh,柳州,LZZ,liuzhou,lz
855@lzh,六枝,LIW,liuzhi,lz
856@lzh,阆中,LZE,langzhong,lz
857@lzh,龙镇,LZA,longzhen,lz
858@lzh,立志,LZX,lizhi,lz
859@lzh,辽中,LZD,liaozhong,lz
860@mad,马鞍山东,OMH,maanshandong,masd
861@mcb,麻城北,MBN,machengbei,mcb
862@mch,麻城,MCN,macheng,mc
863@mcn,渑池南,MNF,mianchinan,mcn
864@mdh,免渡河,MDX,mianduhe,mdh
865@mdj,牡丹江,MDB,mudanjiang,mdj
867@meg,莫尔道嘎,MRX,moerdaoga,medg
868@mes,帽儿山,MRB,maoershan,mes
869@mex,帽儿山西,MUB,mershanxi,mesx
870@mgu,明光,MGH,mingguang,mg
871@mgu,满归,MHX,mangui,mg
872@mgu,孟关,MGE,mengguan,mg
873@mha,磨憨,MHM,mohan,mh
874@mhe,漠河,MVX,mohe,mh
875@mhk,梅河口,MHL,meihekou,mhk
876@mhn,民和南,MNO,minhenan,mhn
877@mjg,孟家岗,MGB,mengjiagang,mjg
878@mla,米兰,MIR,milan,ml
879@mla,勐腊,MWM,mengla,ml
880@mla,美兰,MHQ,meilan,ml
881@mle,弥勒,MLM,mile,ml
882@mli,穆棱,MLB,muling,ml
883@mmi,茂名,MDQ,maoming,mm
884@mmx,茂名西,MMZ,maomingxi,mmx
885@mni,冕宁,UGW,mianning,mn
886@mns,玛纳斯,MSR,manasi,mns
887@mqb,闽清北,MBS,minqingbei,mqb
888@mqu,民权,MQF,minquan,mq
889@msd,眉山东,IUW,meishandong,msd
890@msh,名山,MSE,mingshan,ms
891@msh,密山,MSB,mishan,ms
892@msh,庙山,MSN,miaoshan,ms
893@msj,马三家,MJT,masanjia,msj
894@msz,米沙子,MST,mishazi,msz
895@mwe,麻尾,VAW,mawei,mw
896@mxi,岷县,MXJ,minxian,mx
897@mxi,勉县,MVY,mianxian,mx
898@mya,绵阳,MYW,mianyang,my
899@myb,密云北,MUP,miyunbei,myb
900@myu,孟塬,HSY,mengyuan,my
901@myu,墨玉,MUR,moyu,my
902@myu,门源,MYO,menyuan,my
903@myu,暮云,KIQ,muyun,my
904@myu,密云,MYP,miyun,my
905@mzh,梅州,MOQ,meizhou,mz
906@mzh,孟庄,MZF,mengzhuang,mz
907@mzi,蒙自,MZM,mengzi,mz
908@mzl,满洲里,MLX,manzhouli,mzl
909@mzx,梅州西,MXA,meizhouxi,mzx
910@nan,宁安,NAB,ningan,na
911@nan,农安,NAT,nongan,na
912@nbd,宁波东,NVH,ningbodong,nbd
913@nbo,宁波,NGH,ningbo,nb
914@nbu,南部,NBE,nanbu,nb
915@nca,南曹,NEF,nancao,nc
916@ncb,南充北,NCE,nanchongbei,ncb
917@nch,南充,NCW,nanchong,nc
918@nch,南城,NDG,nancheng,nc
919@nch,南岔,NCB,nancha,nc
920@nda,南丹,NDZ,nandan,nd
921@nde,宁德,NES,ningde,nd
922@ndm,南大庙,NMP,nandamiao,ndm
923@ndn,宁东南,NDJ,ningdongnan,ndn
924@ndo,宁东,NOJ,ningdong,nd
925@nfe,南芬,NFT,nanfen,nf
926@nfe,南丰,NFG,nanfeng,nf
927@nha,宁海,NHH,ninghai,nh
928@nhd,南湖东,NDN,nanhudong,nhd
929@nhe,讷河,NHX,nehe,nh
930@nhl,牛河梁,LKT,niuheliang,nhl
931@njb,内江北,NKW,neijiangbei,njb
932@nji,内江,NJW,neijiang,nj
933@nji,嫩江,NGX,nenjiang,nj
934@nji,南江,FIW,nanjiang,nj
935@nji,牛家,NJB,niujia,nj
936@nko,南口,NKP,nankou,nk
937@nls,牛栏山,NLP,niulanshan,nls
938@nlx,宁陵县,NLF,ninglingxian,nlx
939@nma,奈曼,NMD,naiman,nm
940@nmu,尼木,NMO,nimu,nm
941@nps,南平市,NOS,nanpingshi,nps
942@nqn,宁强南,NOY,ningqiangnan,nqn
943@nqu,那曲,NQO,naqu,nq
944@nto,南通,NUH,nantong,nt
945@ntx,南通西,NXU,nantongxi,ntx
946@nwu,宁武,NWV,ningwu,nw
947@nxb,南翔北,NEH,nanxiangbei,nxb
948@nxi,南雄,NCQ,nanxiong,nx
949@nxi,宁乡,NXQ,ningxiang,nx
950@nya,南阳,NFF,nanyang,ny
951@nyd,南阳东,NOF,nanyangdong,nyd
952@nyo,纳雍,NYE,nayong,ny
953@nyu,南峪,NUP,nanyu,ny
954@nyz,南阳寨,NYF,nanyangzhai,nyz
955@nzs,碾子山,NZX,nianzishan,nzs
956@pan,普安,PAN,puan,pa
957@pcd,蒲城东,PEY,puchengdong,pcd
958@pch,平昌,PCE,pingchang,pc
959@pds,平顶山,PEN,pingdingshan,pds
960@pdu,平度,PNK,pingdu,pd
961@pdx,平度西,PAK,pingduxi,pdx
962@pdx,平顶山西,PDF,pingdingshanxi,pdsx
963@per,普洱,PEM,puer,pe
964@pfa,平房,PFB,pingfang,pf
965@pjb,盘锦北,PBD,panjinbei,pjb
966@pji,盘锦,PVD,panjin,pj
967@pji,蒲江,PJE,pujiang,pj
968@plc,盘龙城,PNN,panlongcheng,plc
969@pld,普兰店,PLT,pulandian,pld
970@pli,平凉,PIJ,pingliang,pl
971@pln,平凉南,POJ,pingliangnan,pln
972@pls,蓬莱市,POK,penglaishi,pls
973@pni,普宁,PEQ,puning,pn
974@pqb,平泉北,PBP,pingquanbei,pqb
975@pqu,平泉,PQP,pingquan,pq
976@psh,皮山,PSR,pishan,ps
977@psh,磐石,PSL,panshi,ps
978@psh,坪石,PSQ,pingshi,ps
979@psh,平山,PSB,pingshan,ps
980@pta,平潭,PIS,pingtan,pt
981@pti,莆田,PTS,putian,pt
982@pxb,萍乡北,PBG,pingxiangbei,pxb
983@pxi,凭祥,PXZ,pingxiang,px
984@pxi,萍乡,PXG,pingxiang,px
985@pxi,普雄,POW,puxiong,px
986@pxi,郫县,PWW,pixian,px
987@pxx,郫县西,PCW,pixianxi,pxx
988@pya,濮阳,PYF,puyang,py
989@pya,平阳,ARH,pingyang,py
990@pyc,平遥古城,PDV,pingyaogucheng,pygc
991@pyd,濮阳东,PUF,puyangdong,pyd
992@pyd,平原东,PUK,pingyuandong,pyd
993@pze,彭泽,PZG,pengze,pz
994@pzh,普者黑,PZM,puzhehei,pzh
995@pzh,盘州,PAE,panzhou,pz
996@pzh,攀枝花,PRW,panzhihua,pzh
997@pzh,彭州,PMW,pengzhou,pz
998@pzn,攀枝花南,PNE,panzhihuanan,pzhn
999@pzn,彭州南,PKW,pengzhounan,pzn
1000@qan,庆安,QAB,qingan,qa
1001@qbd,青白江东,QFW,qingbaijiangdong,qbjd
1002@qch,清城,QCA,qingcheng,qc
1003@qch,蕲春,QRN,qichun,qc
1004@qch,青川,QCE,qingchuan,qc
1005@qcs,青城山,QSW,qingchengshan,qcs
1006@qda,青岛,QDK,qingdao,qd
1007@qdb,青岛北,QHK,qingdaobei,qdb
1009@qdh,千岛湖,QDU,qiandaohu,qdh
1010@qdo,启东,QOU,qidong,qd
1011@qdx,青岛西,QUK,qingdaoxi,qdx
1012@qfd,曲阜东,QAK,qufudong,qfd
1013@qfe,前锋,QFB,qianfeng,qf
1014@qfu,曲阜,QFK,qufu,qf
1015@qha,琼海,QYQ,qionghai,qh
1016@qhc,清河城,QYP,qinghecheng,qhc
1017@qhd,秦皇岛,QTP,qinhuangdao,qhd
1018@qhe,清河,QIP,qinghe,qh
1019@qhy,清华园,QHP,qinghuayuan,qhy
1020@qjb,曲靖北,QBM,qujingbei,qjb
1021@qjd,綦江东,QDE,qijiangdong,qjd
1022@qji,黔江,QNW,qianjiang,qj
1023@qji,曲靖,QJM,qujing,qj
1024@qjz,前进镇,QEB,qianjinzhen,qjz
1025@qla,邛崃,QLE,qionglai,ql
1026@qli,清流,QLS,qingliu,ql
1027@qqe,齐齐哈尔,QHX,qiqihaer,qqhe
1028@qqn,齐齐哈尔南,QNB,qiqihaernan,qqhen
1029@qsh,潜山,QSU,qianshan,qs
1030@qsh,庆盛,QSQ,qingsheng,qs
1031@qsx,曲水县,QSO,qushuixian,qsx
1032@qth,七台河,QTB,qitaihe,qth
1033@qtx,青铜峡,QTJ,qingtongxia,qtx
1034@qtx,七台河西,QXB,qitaihexi,qthx
1035@qxi,渠县,QRW,quxian,qx
1036@qxi,沁县,QVV,qinxian,qx
1037@qxu,清徐,QUV,qingxu,qx
1038@qya,庆阳,QOJ,qingyang,qy
1039@qyu,清远,QBQ,qingyuan,qy
1040@qyu,庆元,QYU,qingyuan,qy
1041@qzd,钦州东,QDZ,qinzhoudong,qzd
1042@qzd,泉州东,QRS,quanzhoudong,qzd
1043@qzd,乔庄东,QEP,qiaozhuangdong,qzd
1044@qzh,衢州,QEH,quzhou,qz
1045@qzh,泉州,QYS,quanzhou,qz
1046@qzn,全州南,QNZ,quanzhounan,qzn
1047@qzx,清镇西,QUE,qingzhenxi,qzx
1048@ran,融安,RAZ,rongan,ra
1049@ran,瑞安,RAH,ruian,ra
1050@rcb,荣昌北,RQW,rongchangbei,rcb
1051@rch,荣成,RCK,rongcheng,rc
1052@rdo,如东,RIH,rudong,rd
1053@rjg,汝箕沟,RQJ,rujigou,rjg
1054@rji,瑞金,RJG,ruijin,rj
1055@rkz,日喀则,RKO,rikaze,rkz
1056@rpi,饶平,RVQ,raoping,rp
1057@rqi,若羌,RQR,ruoqiang,rq
1058@rzh,日照,RZK,rizhao,rz
1059@rzx,日照西,KZK,rizhaoxi,rzx
1060@sbe,肃北,SBJ,subei,sb
1061@scb,双城北,SBB,shuangchengbei,scb
1062@scd,舒城东,SDU,shuchengdong,scd
1063@sch,莎车,SCR,shache,sc
1064@sch,沙城,SCP,shacheng,sc
1065@scl,宋城路,SFF,songchenglu,scl
1066@scp,双城堡,SCB,shuangchengpu,scp
1067@sdo,邵东,FIQ,shaodong,sd
1068@sdu,十渡,SEP,shidu,sd
1069@sfb,双峰北,NFQ,shuangfengbei,sfb
1070@sfe,双丰,OFB,shuangfeng,sf
1071@sfh,绥芬河,SFB,suifenhe,sfh
1072@sgd,韶关东,SGQ,shaoguandong,sgd
1073@sgu,韶关,SNQ,shaoguan,sg
1074@she,沙河,SHP,shahe,sh
1075@she,商河,SOK,shanghe,sh
1076@shg,山海关,SHD,shanhaiguan,shg
1077@shs,沙河市,VOP,shaheshi,shs
1078@sht,山河屯,SHL,shanhetun,sht
1079@shu,绥化,SHB,suihua,sh
1080@shz,石河子,SZR,shihezi,shz
1081@sjd,三家店,ODP,sanjiadian,sjd
1082@sjf,三间房,SFX,sanjianfang,sjf
1083@sjh,松江河,SJL,songjianghe,sjh
1084@sjh,水家湖,SQH,shuijiahu,sjh
1085@sji,松江,SAH,songjiang,sj
1086@sji,孙家,SUB,sunjia,sj
1087@sji,沈家,OJB,shenjia,sj
1088@sjn,三江南,SWZ,sanjiangnan,sjn
1089@sjn,石景山南,SRP,shijingshannan,sjsn
1090@sjn,松江南,IMH,songjiangnan,sjn
1091@sjt,苏家屯,SXT,sujiatun,sjt
1092@sjx,三江县,SOZ,sanjiangxian,sjx
1093@sjz,深井子,SWT,shenjingzi,sjz
1094@sks,四棵树,SIR,sikeshu,sks
1095@sla,舒兰,SLL,shulan,sl
1096@slc,双流机场,IPW,shuangliujichang,sljc
1097@slh,双龙湖,OHB,shuanglonghu,slh
1098@sli,绥棱,SIB,suiling,sl
1099@sli,狮岭,SLA,shiling,sl
1100@sli,石林,SLM,shilin,sl
1101@sln,双龙南,SNE,shuanglongnan,sln
1102@slu,商洛,OLY,shangluo,sl
1103@slx,双流西,IQW,shuangliuxi,slx
1104@slx,石林西,SYM,shilinxi,slx
1105@slz,胜利镇,OLB,shenglizhen,slz
1106@smb,石门县北,VFQ,shimenxianbei,smxb
1107@smb,三明北,SHS,sanmingbei,smb
1108@smi,三明,SVS,sanming,sm
1109@smi,嵩明,SVM,songming,sm
1110@sml,树木岭,FMQ,shumuling,sml
1111@smn,神木南,OMY,shenmunan,smn
1112@smn,三门峡南,SCF,sanmenxianan,smxn
1113@smu,神木,HMY,shenmu,sm
1114@smx,三门县,OQH,sanmenxian,smx
1115@smx,三门峡西,SXF,sanmenxiaxi,smxx
1116@smx,三门峡,SMF,sanmenxia,smx
1117@sna,商南,ONY,shangnan,sn
1118@sni,遂宁,NIW,suining,sn
1119@sni,睢宁,SNU,suining,sn
1120@son,宋,SOB,song,son
1121@spa,石牌,SPQ,shipai,sp
1122@spb,沙坪坝,CYW,shapingba,spb
1123@spd,四平东,PPT,sipingdong,spd
1124@spd,山坡东,SBN,shanpodong,spd
1125@spi,四平,SPT,siping,sp
1126@sqb,沈丘北,SKF,shenqiubei,sqb
1127@sqi,宿迁,SQU,suqian,sq
1128@sqi,商丘,SQF,shangqiu,sq
1129@sqx,石泉县,SXY,shiquanxian,sqx
1130@sqz,石桥子,SQT,shiqiaozi,sqz
1131@sra,上饶,SRG,shangrao,sr
1132@src,石人城,SRB,shirencheng,src
1133@ssb,鄯善北,SMR,shanshanbei,ssb
1134@ssd,宿松东,SSU,susongdong,ssd
1135@ssd,蜀山东,HTH,shushandong,ssd
1136@ssh,韶山,SSQ,shaoshan,ss
1137@ssh,神树,SWB,shenshu,ss
1138@ssn,韶山南,INQ,shaoshannan,ssn
1139@sso,宿松,OAH,susong,ss
1140@ssu,三穗,QHW,sansui,ss
1141@sta,松桃,MZQ,songtao,st
1142@sto,汕头,OTQ,shantou,st
1143@swe,汕尾,OGQ,shanwei,sw
1144@swu,邵武,SWS,shaowu,sw
1145@sxb,绍兴北,SLH,shaoxingbei,sxb
1146@sxd,绍兴东,SSH,shaoxingdong,sxd
1147@sxi,松溪,SIS,songxi,sx
1148@sxi,涉县,OEP,shexian,sx
1149@sxi,绍兴,SOH,shaoxing,sx
1150@sya,三亚,SEQ,sanya,sy
1151@sya,邵阳,SYQ,shaoyang,sy
1153@sya,十堰,SNN,shiyan,sy
1154@sya,双阳,OYT,shuangyang,sy
1155@syd,十堰东,OUN,shiyandong,syd
1156@syi,顺义,SOP,shunyi,sy
1157@syq,三元区,SMS,sanyuanqu,syq
1158@sys,双鸭山,SSB,shuangyashan,sys
1159@syu,松原,VYT,songyuan,sy
1160@syx,双鸭山西,OXB,shuangyashanxi,sysx
1161@syx,顺义西,IKP,shunyixi,syx
1162@szb,深圳北,IOQ,shenzhenbei,szb
1163@szb,苏州北,OHH,suzhoubei,szb
1164@szc,深圳机场,SCA,shenzhenjichang,szjc
1165@szc,嵊州新昌,SKU,shengzhouxinchang,szxc
1166@szd,深圳东,BJQ,shenzhendong,szd
1167@szd,宿州东,SRH,suzhoudong,szd
1168@szh,绥中,SZD,suizhong,sz
1169@szh,朔州,SUV,shuozhou,sz
1170@szh,深圳,SZQ,shenzhen,sz
1171@szh,随州,SZN,suizhou,sz
1172@szh,宿州,OXH,suzhou,sz
1173@szh,苏州,SZH,suzhou,sz
1174@szh,尚志,SZB,shangzhi,sz
1175@szn,随州南,ONN,suizhounan,szn
1176@szn,尚志南,OZB,shangzhinan,szn
1177@szs,深圳坪山,IFQ,shenzhenpingshan,szps
1178@szs,石嘴山,QQJ,shizuishan,szs
1179@szx,石柱县,OSW,shizhuxian,szx
1180@szx,深圳西,OSQ,shenzhenxi,szx
1181@tan,泰安,TMK,taian,ta
1182@tbe,通北,TBB,tongbei,tb
1183@tcd,铜川东,TCY,tongchuandong,tcd
1184@tch,塔城,TZR,tacheng,tc
1185@tch,汤池,TCX,tangchi,tc
1186@tda,通道,TRQ,tongdao,td
1187@tdd,土地堂东,TTN,tuditangdong,tdtd
1188@teq,塔尔气,TVX,taerqi,teq
1189@tgu,潼关,TGY,tongguan,tg
1190@tgu,太谷,TGV,taigu,tg
1191@tgu,塘沽,TGP,tanggu,tg
1192@tha,吐哈,THR,tuha,th
1193@tha,通海,TAM,tonghai,th
1194@tha,塔哈,THX,taha,th
1195@thc,天河机场,TJN,tianhejichang,thjc
1196@the,泰和,THG,taihe,th
1197@the,塔河,TXX,tahe,th
1198@thj,天河街,TEN,tianhejie,thj
1199@thn,太湖南,TAU,taihunan,thn
1200@tht,天河潭,TTE,tianhetan,tht
1201@thu,通化,THL,tonghua,th
1202@thu,太湖,TKH,taihu,th
1203@tji,同江,TJB,tongjiang,tj
1204@tjt,陶家屯,TOT,taojiatun,tjt
1205@tkd,托克托东,TVC,tuoketuodong,tktd
1206@tla,泰来,TLX,tailai,tl
1207@tlb,吐鲁番北,TAR,tulufanbei,tlfb
1208@tlf,吐鲁番,TFR,tulufan,tlf
1209@tli,通辽,TLD,tongliao,tl
1210@tli,铜陵,TJH,tongling,tl
1211@tli,铁岭,TLT,tieling,tl
1212@tli,铁力,TLB,tieli,tl
1213@tlu,桐庐,TLU,tonglu,tl
1214@tlx,铁岭西,PXT,tielingxi,tlx
1215@tlz,陶赖昭,TPT,taolaizhao,tlz
1216@tmb,图们北,QSL,tumenbei,tmb
1217@tme,图们,TML,tumen,tm
1218@tmg,头门港,TMU,toumengang,tmg
1219@tmk,图木舒克,TMR,tumushuke,tmsk
1220@tmn,天门南,TNN,tianmennan,tmn
1221@tna,潼南,TVW,tongnan,tn
1222@tni,泰宁,TNS,taining,tn
1223@tre,铜仁,RDQ,tongren,tr
1224@trn,铜仁南,TNW,tongrennan,trn
1225@tsb,唐山北,FUP,tangshanbei,tsb
1226@tsf,田师府,TFT,tianshifu,tsf
1227@tsh,泰山,TAK,taishan,ts
1228@tsh,唐山,TSP,tangshan,ts
1229@tsh,天水,TSJ,tianshui,ts
1230@tsn,天水南,TIJ,tianshuinan,tsn
1231@twh,汤旺河,THB,tangwanghe,twh
1232@txh,汤逊湖,THN,tangxunhu,txh
1233@txi,土溪,TSW,tuxi,tx
1234@typ,通远堡,TYT,tongyuanpu,typ
1235@tys,太阳升,TQT,taiyangsheng,tys
1236@tyu,通榆,KTT,tongyu,ty
1237@tzb,桐梓北,TBE,tongzibei,tzb
1238@tzc,太子城,IZP,taizicheng,tzc
1239@tzd,滕州东,TEK,tengzhoudong,tzd
1240@tzd,桐梓东,TDE,tongzidong,tzd
1241@tzh,台州,TEU,taizhou,tz
1242@tzh,泰州,UTH,taizhou,tz
1243@tzh,通州,TOP,tongzhou,tz
1244@tzx,台州西,TZH,taizhouxi,tzx
1245@tzx,通州西,TAP,tongzhouxi,tzx
1246@wch,文昌,WEQ,wenchang,wc
1247@wch,武昌,WCN,wuchang,wc
1248@wch,五常,WCB,wuchang,wc
1249@wds,武当山,WRN,wudangshan,wds
1250@wfa,潍坊,WFK,weifang,wf
1251@wfd,瓦房店,WDT,wafangdian,wfd
1252@wft,万发屯,WFB,wanfatun,wft
1253@wfx,瓦房店西,WXT,wafangdianxi,wfdx
1254@wga,王岗,WGB,wanggang,wg
1255@wgo,武功,WGY,wugong,wg
1256@wha,威海,WKK,weihai,wh
1257@wha,乌海,WVC,wuhai,wh
1258@whe,苇河,WHB,weihe,wh
1259@whu,芜湖,WHH,wuhu,wh
1260@whx,乌海西,WXC,wuhaixi,whx
1261@whx,苇河西,WIB,weihexi,whx
1262@wji,温江,WJE,wenjiang,wj
1263@wji,五家,WUB,wujia,wj
1264@wjt,吴家屯,WJT,wujiatun,wjt
1265@wks,五棵树,WKT,wukeshu,wks
1266@wlb,乌兰察布,WPC,wulanchabu,wlcb
1267@wle,万乐,WEB,wanle,wl
1268@wli,温岭,VHH,wenling,wl
1269@wln,乌龙泉南,WFN,wulongquannan,wlqn
1270@wlo,武隆,WLW,wulong,wl
1271@wlq,乌拉特前旗,WQC,wulateqianqi,wltqq
1272@wlt,乌兰浩特,WWT,wulanhaote,wlht
1273@wna,渭南,WNY,weinan,wn
1274@wnb,渭南北,WBY,weinanbei,wnb
1275@wns,五女山,WET,wunvshan,wns
1276@wnx,渭南西,WXY,weinanxi,wnx
1277@wpi,沃皮,WPT,wopi,wp
1278@wqi,汪清,WQL,wangqing,wq
1279@wqi,武清,WWP,wuqing,wq
1280@wsh,武胜,WSE,wusheng,ws
1281@wsh,威舍,WSM,weishe,ws
1282@wsq,乌审旗,WGC,wushenqi,wsq
1283@wsu,乌苏,WSR,wusu,ws
1284@wts,歪头山,WIT,waitoushan,wts
1285@wwe,武威,WUJ,wuwei,ww
1286@wwn,武威南,WWJ,wuweinan,wwn
1287@wwn,无为南,WWU,wuweinan,wwn
1288@wxb,武穴北,WJN,wuxuebei,wxb
1289@wxd,无锡东,WGH,wuxidong,wxd
1290@wxi,无锡,WXH,wuxi,wx
1291@wxi,乌西,WXR,wuxi,wx
1292@wxu,武穴,WXN,wuxue,wx
1293@wxu,吴圩,WYZ,wuxu,wx
1294@wxx,闻喜西,WOV,wenxixi,wxx
1295@wyb,武夷山北,WBS,wuyishanbei,wysb
1296@wyi,五营,WWB,wuying,wy
1297@wyl,乌伊岭,WPB,wuyiling,wyl
1298@wys,武夷山,WAS,wuyishan,wys
1299@wyu,渭源,WEJ,weiyuan,wy
1300@wyu,婺源,WYG,wuyuan,wy
1301@wyu,万源,WYY,wanyuan,wy
1302@wzb,万州北,WZE,wanzhoubei,wzb
1303@wzh,梧州,WZZ,wuzhou,wz
1304@wzh,万州,WYW,wanzhou,wz
1305@wzh,吴忠,WVJ,wuzhong,wz
1306@wzh,温州,RZH,wenzhou,wz
1307@wzn,梧州南,WBZ,wuzhounan,wzn
1308@wzn,温州南,VRH,wenzhounan,wzn
1309@xab,兴安北,XDZ,xinganbei,xab
1310@xan,雄安,IQP,xiongan,xa
1311@xcd,许昌东,XVF,xuchangdong,xcd
1312@xch,兴城,XCD,xingcheng,xc
1313@xch,宣城,ECH,xuancheng,xc
1314@xch,西昌,ECW,xichang,xc
1315@xch,许昌,XCF,xuchang,xc
1316@xcx,西昌西,XCE,xichangxi,xcx
1317@xcz,新城子,XCT,xinchengzi,xcz
1318@xdd,新都东,EWW,xindudong,xdd
1319@xfa,香坊,XFB,xiangfang,xf
1320@xfe,咸丰,XFA,xianfeng,xf
1321@xfe,西丰,XFT,xifeng,xf
1322@xfe,息烽,XFW,xifeng,xf
1323@xfe,先锋,NQQ,xianfeng,xf
1324@xfl,湘府路,FVQ,xiangfulu,xfl
1325@xga,轩岗,XGV,xuangang,xg
1326@xgb,孝感北,XJN,xiaoganbei,xgb
1327@xgd,孝感东,GDN,xiaogandong,xgd
1328@xgl,香港西九龙,XJA,hkwestkowloon,xgxjl
1329@xgu,兴国,EUG,xingguo,xg
1330@xgu,西固,XIJ,xigu,xg
1331@xgy,夏官营,XGJ,xiaguanying,xgy
1332@xha,宣汉,XHY,xuanhan,xh
1333@xhb,兴和北,EBC,xinghebei,xhb
1334@xhb,下花园北,OKP,xiahuayuanbei,xhyb
1335@xhn,新化南,EJQ,xinhuanan,xhn
1336@xhu,新会,EFQ,xinhui,xh
1337@xhu,新晃,XLQ,xinhuang,xh
1338@xhx,兴和西,XEC,xinghexi,xhx
1339@xhx,新晃西,EWQ,xinhuangxi,xhx
1340@xji,新津,IRW,xinjin,xj
1341@xji,辛集,ENP,xinji,xj
1342@xji,徐家,XJB,xujia,xj
1343@xjk,小金口,NKQ,xiaojinkou,xjk
1344@xjn,新津南,ITW,xinjinnan,xjn
1345@xjn,辛集南,IJP,xinjinan,xjn
1346@xjz,谢家镇,XMT,xiejiazhen,xjz
1347@xla,西来,XLE,xilai,xl
1348@xld,兴隆店,XDD,xinglongdian,xld
1349@xle,新乐,ELP,xinle,xl
1350@xli,仙林,XPH,xianlin,xl
1351@xli,小岭,XLB,xiaoling,xl
1352@xlt,锡林浩特,XTC,xilinhaote,xlht
1353@xlx,兴隆县,EXP,xinglongxian,xlx
1354@xlz,新立镇,XGT,xinlizhen,xlz
1355@xlz,兴隆镇,XZB,xinglongzhen,xlz
1356@xmb,厦门北,XKS,xiamenbei,xmb
1357@xmb,新民北,XOT,xinminbei,xmb
1358@xme,厦门,XMS,xiamen,xm
1360@xmi,新民,XMD,xinmin,xm
1361@xmq,厦门高崎,XBS,xiamengaoqi,xmgq
1362@xnn,咸宁南,UNN,xianningnan,xnn
1363@xpd,犀浦东,XAW,xipudong,xpd
1364@xpn,溆浦南,EMQ,xupunan,xpn
1365@xpu,霞浦,XOS,xiapu,xp
1366@xpu,溆浦,EPQ,xupu,xp
1367@xpu,犀浦,XIW,xipu,xp
1368@xsh,秀山,ETW,xiushan,xs
1369@xsh,小市,XST,xiaoshi,xs
1370@xsh,兴山,EMN,xingshan,xs
1371@xsn,西双版纳,ENM,xishuangbanna,xsbn
1372@xsp,新松浦,XOB,xinsongpu,xsp
1373@xta,仙桃,VTN,xiantao,xt
1374@xta,湘潭,XTQ,xiangtan,xt
1375@xta,向塘,XTG,xiangtang,xt
1376@xtd,邢台东,EDP,xingtaidong,xtd
1377@xtn,新塘南,NUQ,xintangnan,xtn
1378@xwe,兴文,XNE,xingwen,xw
1379@xwe,宣威,XWM,xuanwei,xw
1380@xwx,修文县,XWE,xiuwenxian,xwx
1381@xxb,萧县北,QSH,xiaoxianbei,xxb
1382@xxb,新香坊北,RHB,xinxiangfangbei,xxfb
1383@xxd,新乡东,EGF,xinxiangdong,xxd
1384@xxi,孝西,XOV,xiaoxi,xx
1385@xxi,西乡,XQY,xixiang,xx
1386@xxi,西峡,XIF,xixia,xx
1387@xxi,新乡,XXF,xinxiang,xx
1388@xxj,小新街,XXM,xiaoxinjie,xxj
1389@xya,信阳,XUN,xinyang,xy
1390@xya,旬阳,XUY,xunyang,xy
1391@xya,咸阳,XYY,xianyang,xy
1392@xya,岫岩,XXT,xiuyan,xy
1393@xya,襄阳,XFN,xiangyang,xy
1394@xyb,新余北,XBG,xinyubei,xyb
1395@xyc,熊岳城,XYT,xiongyuecheng,xyc
1396@xyd,信阳东,OYN,xinyangdong,xyd
1397@xyd,襄阳东,EKN,xiangyangdong,xyd
1398@xyi,兴义,XRZ,xingyi,xy
1399@xyi,信宜,EEQ,xinyi,xy
1400@xyi,秀英,XYA,xiuying,xy
1401@xyu,祥云,XQM,xiangyun,xy
1402@xyu,新余,XUG,xinyu,xy
1403@xyx,咸阳西,XOY,xianyangxi,xyx
1404@xzc,新郑机场,EZF,xinzhengjichang,xzjc
1405@xzd,徐州东,UUH,xuzhoudong,xzd
1406@xzh,忻州,XXV,xinzhou,xz
1407@xzh,新肇,XZT,xinzhao,xz
1408@xzh,襄州,XWN,xiangzhou,xz
1409@xzh,徐州,XCH,xuzhou,xz
1410@xzl,香樟路,FNQ,xiangzhanglu,xzl
1411@xzx,忻州西,IXV,xinzhouxi,xzx
1412@yan,雅安,YAE,yaan,ya
1413@yan,延安,YWY,yanan,ya
1414@yan,永安南,YQS,yongannan,yan
1415@yan,依安,YAX,yian,ya
1416@ybi,宜宾,YBW,yibin,yb
1417@ybl,迎宾路,YFW,yingbinlu,ybl
1418@ybl,亚布力,YBB,yabuli,ybl
1419@ybn,亚布力南,YWB,yabulinan,ybln
1420@ybs,叶柏寿,YBD,yebaishou,ybs
1421@ybx,宜宾西,YXE,yibinxi,ybx
1422@ybx,亚布力西,YSB,yabulixi,yblx
1423@ycb,运城北,ABV,yunchengbei,ycb
1424@ycb,盐城北,AEH,yanchengbei,ycb
1425@ycd,永川东,WMW,yongchuandong,ycd
1426@ycd,宜昌东,HAN,yichangdong,ycd
1427@ych,岳池,AWW,yuechi,yc
1428@ych,叶城,YER,yecheng,yc
1429@ych,阳春,YQQ,yangchun,yc
1430@ych,宜春,YEG,yichun,yc
1431@ych,运城,YNV,yuncheng,yc
1432@ych,宜昌,YCN,yichang,yc
1433@ych,盐城,AFH,yancheng,yc
1434@ych,伊春,YCB,yichun,yc
1435@yci,榆次,YCV,yuci,yc
1436@ycu,杨村,YBP,yangcun,yc
1437@yde,永登,YDJ,yongdeng,yd
1438@yds,雁荡山,YGH,yandangshan,yds
1439@ydu,于都,YDG,yudu,yd
1440@ydu,姚渡,AOJ,yaodu,yd
1441@ydx,英德西,IIQ,yingdexi,ydx
1442@yes,伊尔施,YET,yiershi,yes
1443@yfd,云浮东,IXQ,yunfudong,yfd
1444@yga,燕岗,YGW,yangang,yg
1445@yjb,永济北,AJV,yongjibei,yjb
1446@yji,延吉,YJL,yanji,yj
1447@yji,阳江,WRQ,yangjiang,yj
1448@yji,永济,YIV,yongji,yj
1449@yji,燕郊,AJP,yanjiao,yj
1450@yji,姚家,YAT,yaojia,yj
1451@yjs,英吉沙,YIR,yingjisha,yjs
1452@yjx,延吉西,YXL,yanjixi,yjx
1453@ykd,营口东,YGT,yingkoudong,ykd
1454@ykn,永康南,QUH,yongkangnan,ykn
1455@yko,营口,YKT,yingkou,yk
1456@yks,牙克石,YKX,yakeshi,yks
1457@yla,依兰,YEB,yilan,yl
1458@ylb,宜良北,YSM,yiliangbei,ylb
1459@yld,永乐店,YDY,yongledian,yld
1460@yli,玉林,YLZ,yulin,yl
1461@yli,榆林,ALY,yulin,yl
1462@yli,杨陵,YSY,yangling,yl
1463@yli,炎陵,YAG,yanling,yl
1464@yli,阎良,YNY,yanliang,yl
1465@yli,杨林,YLM,yanglin,yl
1466@yln,杨陵南,YEY,yanglingnan,yln
1467@ylp,余粮堡,YLD,yuliangpu,ylp
1468@ylq,杨柳青,YQP,yangliuqing,ylq
1469@ylw,亚龙湾,TWQ,yalongwan,ylw
1470@yma,羊马,YME,yangma,ym
1471@ymb,一面坡北,YXB,yimianpobei,ympb
1472@ymd,云梦东,YRN,yunmengdong,ymd
1473@yme,玉门,YXJ,yumen,ym
1474@ymp,一面坡,YPB,yimianpo,ymp
1475@ymx,元谋西,AMM,yuanmouxi,ymx
1476@yna,郁南,YKQ,yunan,yn
1477@ynd,伊宁东,YNR,yiningdong,ynd
1478@yni,伊宁,YMR,yining,yn
1479@ypd,延平东,ADS,yanpingdong,ypd
1480@ypg,阳平关,YAY,yangpingguan,ypg
1481@ypi,玉屏,YZW,yuping,yp
1482@ypi,延平,YPS,yanping,yp
1483@ypi,原平,YPV,yuanping,yp
1484@ypx,延平西,YWS,yanpingxi,ypx
1485@ypx,原平西,IPV,yuanpingxi,ypx
1486@yqb,阳泉北,YPP,yangquanbei,yqb
1487@yqd,阳泉东,AYP,yangquandong,yqd
1488@yqh,雁栖湖,FGP,yanqihu,yqh
1489@yqi,焉耆,YSR,yanqi,yq
1490@yqi,乐清,UPH,yueqing,yq
1491@yqi,延庆,YNP,yanqing,yq
1492@yqq,阳泉曲,YYV,yangquanqu,yqq
1493@yqt,姚千户屯,YQT,yaoqianhutun,yqht
1494@yqu,阳泉,AQP,yangquan,yq
1495@yqu,阳曲,YQV,yangqu,yq
1496@yqu,玉泉,YQB,yuquan,yq
1497@yqx,阳曲西,IQV,yangquxi,yqx
1498@ysh,榆社,YSV,yushe,ys
1499@ysh,玉山,YNG,yushan,ys
1500@ysh,营山,NUW,yingshan,ys
1501@ysh,榆树,YRT,yushu,ys
1502@ysh,元氏,YSP,yuanshi,ys
1503@ysh,燕山,AOP,yanshan,ys
1504@ysn,玉山南,YGG,yushannan,ysn
1505@yst,榆树屯,YSX,yushutun,yst
1506@yta,银滩,CTQ,yintan,yt
1507@yta,烟台,YAK,yantai,yt
1508@yta,鹰潭,YTG,yingtan,yt
1509@yta,永泰,YTS,yongtai,yt
1510@ytb,鹰潭北,YKG,yingtanbei,ytb
1511@yth,伊图里河,YEX,yitulihe,ytlh
1512@ytk,依吞布拉克,YVR,yitunbulake,ytblk
1513@ytn,烟台南,YLK,yantainan,ytn
1514@yts,烟筒山,YSL,yantongshan,yts
1515@ytx,玉田县,ATP,yutianxian,ytx
1516@ywu,义乌,YWH,yiwu,yw
1517@yxi,玉溪,AXM,yuxi,yx
1518@yxi,云霄,YBS,yunxiao,yx
1519@yxi,义县,YXD,yixian,yx
1520@yxi,阳新,YON,yangxin,yx
1521@yxi,宜兴,YUH,yixing,yx
1522@yxi,尤溪,YXS,youxi,yx
1523@yya,益阳,AEQ,yiyang,yy
1524@yya,岳阳,YYQ,yueyang,yy
1525@yyd,岳阳东,YIQ,yueyangdong,yyd
1526@yyn,益阳南,YAA,yiyangnan,yyn
1527@yzd,扬州东,YDU,yangzhoudong,yzd
1528@yzh,崖州,YUQ,yazhou,yz
1529@yzh,永州,AOQ,yongzhou,yz
1530@yzh,兖州,YZK,yanzhou,yz
1531@yzh,扬州,YLH,yangzhou,yz
1532@yzh,榆中,IZJ,yuzhong,yz
1533@zan,诏安,ZDS,zhaoan,za
1534@zbb,淄博北,ZRK,zibobei,zbb
1535@zbo,淄博,ZBK,zibo,zb
1536@zcc,中川机场,ZJJ,zhongchuanjichang,zcjc
1537@zcd,镇城底,ZDV,zhenchengdi,zcd
1538@zdc,正定机场,ZHP,zhengdingjichang,zdjc
1539@zdi,正定,ZDP,zhengding,zd
1540@zdo,准东,ZER,zhundong,zd
1541@zfd,纸坊东,ZMN,zhifangdong,zfd
1542@zga,柘皋,ZGU,zhegao,zg
1543@zgb,自贡北,ZGW,zigongbei,zgb
1544@zgo,自贡,ZGE,zigong,zg
1545@zha,珠海,ZHQ,zhuhai,zh
1546@zhb,庄河北,ZUT,zhuanghebei,zhb
1547@zhb,珠海北,ZIQ,zhuhaibei,zhb
1548@zhl,珠海长隆,ZLA,zhuhaichanglong,zhcl
1549@zhm,中华门,VNH,zhonghuamen,zhm
1550@zjc,张家川,ZIJ,zhangjiachuan,zjc
1551@zjg,张家港,ZAU,zhangjiagang,zjg
1552@zji,湛江,ZJZ,zhanjiang,zj
1553@zji,织金,IZW,zhijin,zj
1554@zji,治江,ZIY,zhijiang,zj
1555@zji,芷江,ZPQ,zhijiang,zj
1556@zji,诸暨,ZDH,zhuji,zj
1557@zji,镇江,ZJH,zhenjiang,zj
1558@zji,周家,ZOB,zhoujia,zj
1559@zjj,张家界,DIQ,zhangjiajie,zjj
1560@zjk,张家口,ZMP,zhangjiakou,zjk
1561@zjn,张家口南,IXP,zhangjiakounan,zjkn
1562@zjn,镇江南,ZEH,zhenjiangnan,zjn
1563@zjx,湛江西,ZWQ,zhanjiangxi,zjx
1564@zjx,张家界西,JXA,zhangjiajiexi,zjjx
1565@zkd,周口东,ZKF,zhoukoudong,zkd
1566@zko,周口,ZKN,zhoukou,zk
1567@zla,镇赉,ZLT,zhenlai,zl
1568@zli,庄里,ZLY,zhuangli,zl
1569@zli,左岭,ZSN,zuoling,zl
1570@zlt,扎兰屯,ZTX,zhalantun,zlt
1571@zlx,扎赉诺尔西,ZXX,zhalainuoerxi,zlnex
1572@zmd,驻马店,ZDN,zhumadian,zmd
1573@zmu,中牟,ZGF,zhongmu,zm
1574@zmx,驻马店西,ZLN,zhumadianxi,zmdx
1575@zpi,漳平,ZPS,zhangping,zp
1576@zpu,泽普,ZPR,zepu,zp
1577@zpx,漳平西,ZXG,zhangpingxi,zpx
1578@zqb,章丘北,ZVK,zhangqiubei,zqb
1579@zqd,肇庆东,FCQ,zhaoqingdong,zqd
1580@zqi,肇庆,ZVQ,zhaoqing,zq
1581@zqi,章丘,ZTK,zhangqiu,zq
1582@zsh,柞水,ZSY,zhashui,zs
1583@zsh,珠斯花,ZHD,zhusihua,zsh
1584@zsh,中山,ZSQ,zhongshan,zs
1585@zsh,樟树,ZSG,zhangshu,zs
1586@zsz,朱砂古镇,ZSE,zhushaguzhen,zsgz
1587@zsz,周水子,ZIT,zhoushuizi,zsz
1588@zta,中堂,ZTA,zhongtang,zt
1589@zto,昭通,ZDW,zhaotong,zt
1590@zwe,中卫,ZWJ,zhongwei,zw
1591@zwn,中卫南,ZTJ,zhongweinan,zwn
1592@zxi,镇雄,ZXE,zhenxiong,zx
1593@zya,紫阳,ZVY,ziyang,zy
1594@zya,枣阳,ZYN,zaoyang,zy
1595@zyb,资阳北,FYW,ziyangbei,zyb
1596@zye,张掖,ZYJ,zhangye,zy
1597@zyi,遵义,ZYE,zunyi,zy
1598@zyu,镇远,ZUW,zhenyuan,zy
1599@zyx,遵义西,ZIW,zunyixi,zyx
1600@zyx,张掖西,ZEJ,zhangyexi,zyx
1601@zzb,资中北,WZW,zizhongbei,zzb
1602@zzd,漳州东,GOS,zhangzhoudong,zzd
1603@zzd,涿州东,ZAP,zhuozhoudong,zzd
1604@zzh,枣庄,ZEK,zaozhuang,zz
1605@zzh,漳州,ZUS,zhangzhou,zz
1606@zzh,株洲,ZZQ,zhuzhou,zz
1607@zzh,庄寨,VOK,zhuangzhai,zz
1608@zzn,株洲南,KVQ,zhuzhounan,zzn
1609@zzx,枣庄西,ZFK,zaozhuangxi,zzx
1610@zzx,株洲西,ZAQ,zhuzhouxi,zzx
1611@abq,阿巴嘎旗,AQC,abagaqi,abgq
1612@adi,安定,ADP,anding,ad
1613@adu,安多,ADO,anduo,ad
1614@agu,安广,AGT,anguang,ag
1615@aha,敖汉,YED,aohan,ah
1616@ahe,艾河,AHP,aihe,ah
1617@ahu,安化,PKQ,anhua,ah
1618@ajc,艾家村,AJJ,aijiacun,ajc
1619@ajd,安江东,ADA,anjiangdong,ajd
1620@aji,阿金,AJD,ajin,aj
1621@aji,安匠,MJP,anjiang,aj
1622@aks,阿克塞,AKJ,akesai,aks
1623@aky,安口窑,AYY,ankouyao,aky
1624@alg,敖力布告,ALD,aolibugao,albg
1625@alo,安龙,AUZ,anlong,al
1626@als,阿龙山,ASX,alongshan,als
1627@ame,阿木尔,JTX,amuer,ame
1628@anz,阿南庄,AZM,ananzhuang,anz
1629@are,安仁,ARG,anren,ar
1630@ata,安塘,ATV,antang,at
1631@ats,阿图什,ATR,atushi,ats
1632@atu,安图,ATL,antu,at
1633@atx,安图西,AXL,antuxi,atx
1634@awt,阿瓦提,AWR,awati,awt
1635@axi,安溪,AXS,anxi,ax
1636@bao,博鳌,BWQ,boao,ba
1637@bbg,白壁关,BGV,baibiguan,bbg
1638@bbu,八步,BBE,babu,bb
1639@bch,栟茶,FWH,bencha,bc
1640@bch,板城,BUP,bancheng,bc
1641@bfe,宝丰,BFF,baofeng,bf
1642@bgo,白沟,FEP,baigou,bg
1643@bhd,白河东,BIY,baihedong,bhd
1644@bhg,滨海港,BGU,binhaigang,bhg
1645@bhs,宝华山,BWH,baohuashan,bhs
1646@bhx,白河县,BEY,baihexian,bhx
1647@bjg,白芨沟,BJJ,baijigou,bjg
1648@bji,北滘,IBQ,beijiao,bj
1649@bji,碧江,BLQ,bijiang,bj
1650@bjp,白鸡坡,BBM,baijipo,bjp
1651@bjs,笔架山,BSB,bijiashan,bjs
1652@bjt,八角台,BTD,bajiaotai,bjt
1653@bjz,北井子,BRT,beijingzi,bjz
1654@bka,保康,BKD,baokang,bk
1655@bkx,保康县,BKN,baokangxian,bkx
1656@bla,白狼,BAT,bailang,bl
1657@blb,博罗北,BLA,boluobei,blb
1658@bld,博乐东,BOR,boledong,bld
1659@bli,北流,BOZ,beiliu,bl
1660@bli,宝林,BNB,baolin,bl
1661@blk,布列开,BLR,buliekai,blk
1662@bls,宝龙山,BND,baolongshan,bls
1663@blx,百里峡,AAP,bailixia,blx
1664@blz,八里甸子,BLT,balidianzi,bldz
1665@bmb,白马北,BME,baimabei,bmb
1666@bmc,八面城,BMD,bamiancheng,bmc
1667@bmz,北马圈子,BRP,beimaquanzi,bmqz
1668@bpn,北票南,RPD,beipiaonan,bpn
1669@bqi,白旗,BQP,baiqi,bq
1670@bqu,白泉,BQL,baiquan,bq
1671@bsh,璧山,FZW,bishan,bs
1672@bsh,巴山,BAY,bashan,bs
1673@bsj,白水江,BSY,baishuijiang,bsj
1674@bsp,白沙铺,BSN,baishapu,bsp
1675@bsp,白沙坡,BPM,baishapo,bsp
1676@bss,白石山,BAL,baishishan,bss
1677@bsx,白水县,BGY,baishuixian,bsx
1678@bsz,白水镇,BUM,baishuizhen,bsz
1679@bta,板塘,NGQ,bantang,bt
1680@bti,坂田,BTQ,bantian,bt
1681@bto,泊头,BZP,botou,bt
1682@btu,北屯,BYP,beitun,bt
1683@bty,巴图营,BWT,batuying,bty
1684@bwd,白文东,BCV,baiwendong,bwd
1685@bxc,本溪新城,BVT,benxixincheng,bxxc
1686@bxh,本溪湖,BHT,benxihu,bxh
1687@bxi,博兴,BXK,boxing,bx
1688@bxt,八仙筒,VXD,baxiantong,bxt
1689@byg,白音察干,BYC,baiyinchagan,bycg
1690@byi,宝应,BAU,baoying,by
1691@byl,白音他拉,BID,baiyintala,bytl
1692@byn,白音华南,BOD,baiyinhuanan,byhn
1693@bys,白音胡硕,BCD,baiyinhushuo,byhs
1694@bys,白银市,BNJ,baiyinshi,bys
1695@bzb,霸州北,VPP,bazhoubei,bzb
1696@bzd,巴中东,BDE,bazhongdong,bzd
1697@bzh,彬州,BXY,binzhou,bz
1698@bzh,霸州,RMP,bazhou,bz
1699@bzh,北宅,BVP,beizhai,bz
1700@bzx,霸州西,FOP,bazhouxi,bzx
1701@can,长安,CAA,changan,ca
1702@cax,长安西,CXA,changanxi,cax
1703@cbb,赤壁北,CIN,chibibei,cbb
1704@cch,澄城,CUY,chengcheng,cc
1705@cch,长城,CEJ,changcheng,cc
1706@cdb,承德县北,IYP,chengdexianbei,cdxb
1707@cdd,承德东,CCP,chengdedong,cdd
1708@cgb,城固北,CBY,chenggubei,cgb
1709@cge,长葛,CEF,changge,cg
1710@cgh,查干湖,VAT,chaganhu,cgh
1711@che,册亨,CHZ,ceheng,ch
1712@chk,草河口,CKT,caohekou,chk
1713@chk,崔黄口,CHP,cuihuangkou,chk
1714@cjg,蔡家沟,CJT,caijiagou,cjg
1715@cjh,成吉思汗,CJX,chengjisihan,cjsh
1716@cji,岔江,CAM,chajiang,cj
1717@cjn,陈江南,KKQ,chenjiangnan,cjn
1718@cjp,蔡家坡,CJY,caijiapo,cjp
1719@cle,策勒,CLR,cele,cl
1720@cle,昌乐,CLK,changle,cl
1721@clg,超梁沟,CYP,chaolianggou,clg
1722@cln,茶陵南,CNG,chalingnan,cln
1723@clz,长岭子,CLT,changlingzi,clz
1724@cni,长宁,CNE,changning,cn
1725@cno,长农,CNJ,changnong,cn
1726@cpi,常平,DAQ,changping,cp
1727@cpl,长坡岭,CPM,changpoling,cpl
1728@cpn,常平南,FPQ,changpingnan,cpn
1729@cqi,长箐,CQE,changqing,cq
1730@cqi,辰清,CQB,chenqing,cq
1731@csh,长寿,EFW,changshou,cs
1732@csh,长寿湖,CSE,changshouhu,csh
1733@csh,蔡山,CON,caishan,cs
1734@csh,苍石,CST,cangshi,cs
1735@csh,草市,CSL,caoshi,cs
1736@csh,磁山,CSP,cishan,cs
1737@csh,常山,CSU,changshan,cs
1738@csh,常熟,CAU,changshu,cs
1739@csh,楚山,CSB,chushan,cs
1740@cst,长山屯,CVT,changshantun,cst
1741@cti,长汀,CES,changting,ct
1742@cwa,春湾,CQQ,chunwan,cw
1743@cxi,岑溪,CNZ,cenxi,cx
1744@cxi,长兴,CBH,changxing,cx
1745@cxi,磁西,CRP,cixi,cx
1746@cya,磁窑,CYK,ciyao,cy
1747@cya,长阳,CYN,changyang,cy
1748@cya,城阳,CEK,chengyang,cy
1749@cyc,创业村,CEX,chuangyecun,cyc
1750@cyd,朝阳地,CDD,chaoyangdi,cyd
1751@cyi,昌邑,CRK,changyi,cy
1752@cyn,朝阳南,CYD,chaoyangnan,cyn
1753@cyu,长垣,CYF,changyuan,cy
1754@cyz,朝阳镇,CZL,chaoyangzhen,cyz
1755@czh,陈庄,CZY,chenzhuang,cz
1756@czh,潮州,CKQ,chaozhou,cz
1757@czl,曹子里,CFP,caozili,czl
1758@czn,长治南,CAF,changzhinan,czn
1759@czt,城子坦,CWT,chengzitan,czt
1760@czw,车转湾,CWM,chezhuanwan,czw
1761@dan,大安,RAT,daan,da
1762@dan,德安,DAG,dean,da
1763@dba,大坝,DBJ,daba,db
1764@dba,德保,RBZ,debao,db
1765@dba,到保,RBT,daobao,db
1766@dba,大巴,DBD,daba,db
1767@dba,电白,NWQ,dianbai,db
1768@dba,大板,DBC,daban,db
1769@dbj,东边井,DBB,dongbianjing,dbj
1770@dbs,德伯斯,RDT,debosi,dbs
1771@dcg,打柴沟,DGJ,dachaigou,dcg
1772@dch,德昌,DVW,dechang,dc
1773@dch,都昌,DCG,duchang,dc
1774@dcn,东城南,IYQ,dongchengnan,dcn
1775@dcx,德昌西,DXE,dechangxi,dcx
1776@dda,滴道,DDB,didao,dd
1777@ddg,大磴沟,DKJ,dadenggou,ddg
1778@ddh,东戴河,RDD,dongdaihe,ddh
1779@ddx,丹东西,RWT,dandongxi,ddx
1780@ded,刀尔登,DRD,daoerdeng,ded
1781@dee,得耳布尔,DRX,deerbuer,debe
1782@deh,东二道河,DRB,dongerdaohe,dedh
1783@det,杜尔伯特,TKX,duerbote,debt
1784@dfa,大方,DFE,dafang,df
1785@dfe,东丰,DIL,dongfeng,df
1786@dge,都格,DMM,duge,dg
1787@dgg,东莞港,DGA,dongguangang,dgg
1788@dgn,大港南,DNU,dagangnan,dgn
1789@dgt,大官屯,DTT,daguantun,dgt
1790@dgu,东光,DGP,dongguang,dg
1791@dha,东海,DHB,donghai,dh
1792@dhb,东花园北,QBP,donghuayuanbei,dhyb
1793@dhc,大灰厂,DHP,dahuichang,dhc
1794@dhd,鼎湖东,UWQ,dinghudong,dhd
1795@dhs,鼎湖山,NVQ,dinghushan,dhs
1796@dht,大禾塘,SOQ,shaodong,dh
1797@dhx,东海县,DQH,donghaixian,dhx
1798@dji,东津,DKB,dongjin,dj
1799@djk,丹江口,DON,danjiangkou,djk
1800@djk,董家口,DTK,dongjiakou,djk
1801@dkt,大口屯,DKP,dakoutun,dkt
1802@dla,东来,RVD,donglai,dl
1803@dli,大林,DLD,dalin,dl
1804@dli,带岭,DLB,dailing,dl
1805@dlq,达拉特旗,DIC,dalateqi,dltq
1806@dlt,独立屯,DTX,dulitun,dlt
1807@dlu,豆罗,DLV,douluo,dl
1808@dlx,达拉特西,DNC,dalatexi,dltx
1809@dlx,大连西,GZT,dalianxi,dlx
1810@dlz,大朗镇,KOQ,dalangzhen,dlz
1811@dmc,东明村,DMD,dongmingcun,dmc
1812@dmh,洞庙河,DEP,dongmiaohe,dmh
1813@dpf,大平房,DPD,dapingfang,dpf
1814@dps,大盘石,RPP,dapanshi,dps
1815@dpu,大堡,DVT,dapu,dp
1816@dqg,大青沟,DSD,daqinggou,dqg
1817@dqh,大其拉哈,DQX,daqilaha,dqlh
1818@dqi,道清,DML,daoqing,dq
1819@dqi,德清,DRH,deqing,dq
1820@dqi,杜桥,DQU,duqiao,dq
1821@dqx,德清西,MOH,deqingxi,dqx
1822@dsd,东胜东,RSC,dongshengdong,dsd
1823@dsh,东升,DRQ,dongsheng,ds
1824@dsh,登沙河,DWT,dengshahe,dsh
1825@dsh,砀山,DKH,dangshan,ds
1826@dsn,大石头南,DAL,dashitounan,dstn
1827@dst,大石头,DSL,dashitou,dst
1828@dsz,大石寨,RZT,dashizhai,dsz
1829@dta,灯塔,DGT,dengta,dt
1830@dta,定陶,DQK,dingtao,dt
1831@dta,东台,DBH,dongtai,dt
1832@dtb,大田边,DBM,datianbian,dtb
1833@dtd,当涂东,OWH,dangtudong,dtd
1834@dth,东通化,DTL,dongtonghua,dth
1835@dtu,丹徒,RUH,dantu,dt
1836@dwa,东湾,DRJ,dongwan,dw
1837@dwa,大旺,WWQ,dawang,dw
1838@dwp,低窝铺,DWJ,diwopu,dwp
1839@dxd,德兴东,DDG,dexingdong,dxd
1840@dxg,大兴沟,DXL,daxinggou,dxg
1841@dxi,德兴,DWG,dexing,dx
1842@dxi,定襄,DXV,dingxiang,dx
1843@dxi,代县,DKV,daixian,dx
1844@dxi,甸心,DXM,dianxin,dx
1845@dxs,丹霞山,IRQ,danxiashan,dxs
1846@dxu,东戌,RXP,dongxu,dx
1847@dxz,东辛庄,DXD,dongxinzhuang,dxz
1848@dya,大雁,DYX,dayan,dy
1849@dya,大阳,RET,dayang,dy
1850@dyb,丹阳北,EXH,danyangbei,dyb
1851@dyd,东淤地,DBV,dongyudi,dyd
1852@dyi,大营,DYV,daying,dy
1853@dyu,定远,EWH,dingyuan,dy
1854@dyu,岱岳,RYV,daiyue,dy
1855@dyu,大余,DYG,dayu,dy
1856@dyz,大营子,DZD,dayingzi,dyz
1857@dyz,大营镇,DJP,dayingzhen,dyz
1858@dzc,大战场,DTJ,dazhanchang,dzc
1859@dzh,兑镇,DWV,duizhen,dz
1860@dzh,道州,DFZ,daozhou,dz
1861@dzh,东镇,DNV,dongzhen,dz
1862@dzh,东庄,DZV,dongzhuang,dz
1863@dzh,端州,WZQ,duanzhou,dz
1864@dzh,低庄,DVQ,dizhuang,dz
1865@dzh,豆庄,ROP,douzhuang,dz
1866@dzn,大足南,FQW,dazunan,dzn
1867@dzy,大竹园,DZY,dazhuyuan,dzy
1868@dzz,大杖子,DAP,dazhangzi,dzz
1869@dzz,豆张庄,RZP,douzhangzhuang,dzz
1870@edm,二道沟门,RDP,erdaogoumen,edgm
1871@edw,二道湾,RDX,erdaowan,edw
1872@elo,二龙,RLD,erlong,el
1873@elt,二龙山屯,ELA,erlongshantun,elst
1874@emh,二密河,RML,ermihe,emh
1875@emi,额敏,EMR,emin,em
1876@epi,恩平,PXQ,enping,ep
1877@esh,峨山,EVM,eshan,es
1878@eyi,二营,RYJ,erying,ey
1879@ezd,鄂州东,EFN,ezhoudong,ezd
1880@fan,福安,FAS,fuan,fa
1881@fcd,丰城东,FIG,fengchengdong,fcd
1882@fcd,凤城东,FDT,fengchengdong,fcd
1883@fch,富川,FDZ,fuchuan,fc
1884@fch,丰城,FCG,fengcheng,fc
1885@fch,方城,FNF,fangcheng,fc
1886@fcn,丰城南,FNG,fengchengnan,fcn
1887@fcx,繁昌西,PUH,fanchangxi,fcx
1888@fgn,扶沟南,FGF,fugounan,fgn
1889@fha,富海,FHX,fuhai,fh
1890@fhc,凤凰古城,FCA,fenghuanggucheng,fhgc
1891@fhx,福海西,FHA,fuhaixi,fhx
1892@fji,奉节,FJE,fengjie,fj
1893@fli,枫林,FLN,fenglin,fl
1894@flt,福利屯,FTB,fulitun,flt
1895@flz,丰乐镇,FZB,fenglezhen,flz
1896@fna,阜南,FNH,funan,fn
1897@fni,抚宁,FNP,funing,fn
1898@fni,阜宁,AKH,funing,fn
1899@fnn,阜宁南,FNU,funingnan,fnn
1900@fpi,富平,FPY,fuping,fp
1901@fpi,佛坪,FUY,foping,fp
1902@fqi,法启,FQE,faqi,fq
1903@frz,芙蓉镇,FRA,furongzhen,frz
1904@fsd,丰顺东,FDA,fengshundong,fsd
1905@fsh,复盛,FAW,fusheng,fs
1906@fsh,丰顺,FUQ,fengshun,fs
1907@fsh,繁峙,FSV,fanshi,fs
1908@fsh,抚顺,FST,fushun,fs
1909@fsk,福山口,FKP,fushankou,fsk
1910@fso,抚松,FSL,fusong,fs
1911@fsz,福山镇,FZQ,fushanzhen,fsz
1912@ftn,凤台南,FTU,fengtainan,ftn
1913@ftu,冯屯,FTX,fengtun,ft
1914@fty,浮图峪,FYP,futuyu,fty
1915@fxb,费县北,FBK,feixianbei,fxb
1916@fxd,富县东,FDY,fuxiandong,fxd
1917@fxi,富县,FEY,fuxian,fx
1918@fxi,费县,FXK,feixian,fx
1919@fya,汾阳,FAV,fenyang,fy
1920@fya,凤阳,FUH,fengyang,fy
1921@fyb,富源北,FBM,fuyuanbei,fyb
1922@fyu,扶余,FYT,fuyu,fy
1923@fzb,抚州北,FBG,fuzhoubei,fzb
1924@fzd,抚州东,FDG,fuzhoudong,fzd
1925@fzh,范镇,VZK,fanzhen,fz
1926@gad,固安东,GQP,guandong,gad
1927@gan,固安,GFP,guan,ga
1928@gbd,高碑店东,GMP,gaobeidiandong,gbdd
1929@gbd,高碑店,GBP,gaobeidian,gbd
1930@gbz,沟帮子,GBD,goubangzi,gbz
1931@gcb,谷城北,GBN,guchengbei,gcb
1932@gcd,古城东,GUU,guchengdong,gcd
1933@gch,恭城,GCZ,gongcheng,gc
1934@gch,谷城,GCN,gucheng,gc
1935@gcz,古城镇,GZB,guchengzhen,gcz
1936@gdb,贵定北,FMW,guidingbei,gdb
1937@gde,广德,GRH,guangde,gd
1938@gdi,贵定,GTW,guiding,gd
1939@gdn,广德南,GNU,guangdenan,gdn
1940@gdn,葛店南,GNN,gediannan,gdn
1941@gdx,贵定县,KIW,guidingxian,gdx
1942@gga,岗嘎,GAO,gangga,gg
1943@gga,贡嘎,GGO,gongga,gg
1944@gga,官高,GVP,guangao,gg
1945@ggm,葛根庙,GGT,gegenmiao,ggm
1946@ggo,干沟,GGL,gangou,gg
1947@ggz,高各庄,GGP,gaogezhuang,ggz
1948@ghb,广汉北,GVW,guanghanbei,ghb
1949@ghe,甘河,GAX,ganhe,gh
1950@gjd,郭家店,GDT,guojiadian,gjd
1951@gji,个旧,JJM,gejiu,gj
1952@gla,古浪,GLJ,gulang,gl
1953@glb,橄榄坝,GVM,ganlanba,glb
1954@glh,归流河,GHT,guiliuhe,glh
1955@gli,关岭,GLE,guanling,gl
1956@gli,关林,GLF,guanlin,gl
1957@glx,桂林西,GEZ,guilinxi,glx
1958@glz,郭磊庄,GLP,guoleizhuang,glz
1959@gmb,高密北,GVK,gaomibei,gmb
1960@gmc,光明城,IMQ,guangmingcheng,gmc
1961@gmi,高密,GMK,gaomi,gm
1962@gna,灌南,GIU,guannan,gn
1963@gnh,工农湖,GRT,gongnonghu,gnh
1964@gni,广宁,FBQ,guangning,gn
1965@gnn,广宁寺南,GNT,guangningsinan,gnn
1966@gns,广宁寺,GQT,guangningsi,gns
1967@gpd,高平东,GVF,gaopingdong,gpd
1968@gpi,高坪,GGN,gaoping,gp
1969@gpi,广平,GPP,guangping,gp
1970@gpi,高平,GPF,gaoping,gp
1971@gpz,弓棚子,GPT,gongpengzi,gpz
1972@gqb,甘泉北,GEY,ganquanbei,gqb
1973@gqk,甘旗卡,GQD,ganqika,gqk
1974@gqu,甘泉,GQY,ganquan,gq
1975@gqz,高桥镇,GZD,gaoqiaozhen,gqz
1976@gsd,赶水东,GDE,ganshuidong,gsd
1977@gsh,光山,GUN,guangshan,gs
1978@gsh,灌水,GST,guanshui,gs
1979@gsk,孤山口,GSP,gushankou,gsk
1980@gso,果松,GSL,guosong,gs
1981@gsz,嘎什甸子,GXD,gashidianzi,gsdz
1982@gsz,高山子,GSD,gaoshanzi,gsz
1983@gta,高滩,GAY,gaotan,gt
1984@gta,高台,GTJ,gaotai,gt
1985@gtb,古田北,GBS,gutianbei,gtb
1986@gti,古田,GTS,gutian,gt
1987@gti,官厅,GTP,guanting,gt
1988@gtn,高台南,GAJ,gaotainan,gtn
1989@gtx,官厅西,KEP,guantingxi,gtx
1990@gxb,赣县北,GIG,ganxianbei,gxb
1991@gxi,贵溪,GXG,guixi,gx
1992@gya,涡阳,GYH,guoyang,gy
1993@gyb,高邮北,GEU,gaoyoubei,gyb
1994@gyc,观音机场,GCU,guanyinjichang,gyjc
1995@gyo,高邮,GAU,gaoyou,gy
1996@gyu,菇园,GYL,guyuan,gy
1997@gyu,灌云,GOU,guanyun,gy
1998@gyz,公营子,GYD,gongyingzi,gyz
1999@gze,光泽,GZS,guangze,gz
2000@gzh,古镇,GNQ,guzhen,gz
2001@gzh,虢镇,GZY,guozhen,gz
2002@gzh,盖州,GXT,gaizhou,gz
2003@gzh,瓜州,GZJ,guazhou,gz
2004@gzh,固镇,GEH,guzhen,gz
2005@gzj,官字井,GOT,guanzijing,gzj
2006@gzn,冠豸山南,GSS,guanzhaishannan,gzn
2007@gzx,古丈西,GXA,guzhangxi,gzx
2008@han,红安,HWN,hongan,ha
2009@han,海安,HIH,haian,ha
2010@han,淮安南,AMH,huaiannan,han
2011@han,怀安,QAP,huaian,ha
2012@han,惠安,HNS,huian,ha
2013@hap,惠安堡,KBJ,huianpu,hap
2014@hba,黄柏,HBL,huangbai,hb
2015@hbb,淮北北,PLH,huaibeibei,hbb
2016@hbd,鹤壁东,HFF,hebidong,hbd
2017@hbe,海北,HEB,haibei,hb
2018@hbi,鹤壁,HAF,hebi,hb
2019@hcb,会昌北,XEG,huichangbei,hcb
2020@hcg,寒葱沟,HKB,hanconggou,hcg
2021@hch,河唇,HCZ,hechun,hc
2022@hch,华城,VCQ,huacheng,hc
2023@hch,霍城,SER,huocheng,hc
2024@hch,汉川,HCN,hanchuan,hc
2025@hct,黑冲滩,HCJ,heichongtan,hct
2026@hdd,横道河子东,KUX,hengdaohezidong,hdhzd
2027@hde,化德,HGC,huade,hd
2028@hdl,河东里,KLJ,hedongli,hdl
2029@hdo,海东,LVO,haidong,hd
2030@hdo,洪洞,HDV,hongtong,hd
2031@hdx,海东西,HDO,haidongxi,hdx
2032@hfe,横峰,HFG,hengfeng,hf
2033@hfw,韩府湾,HXJ,hanfuwan,hfw
2034@hga,黄冈,KGN,huanggang,hg
2035@hgd,横沟桥东,HNN,henggouqiaodong,hgqd
2036@hgx,黄冈西,KXN,huanggangxi,hgx
2037@hhe,洪河,HPB,honghe,hh
2038@hhg,红花沟,VHD,honghuagou,hhg
2039@hht,黄花筒,HUD,huanghuatong,hht
2040@hhu,惠环,KHQ,huihuan,hh
2041@hhu,花湖,KHN,huahu,hh
2042@hjd,贺家店,HJJ,hejiadian,hjd
2043@hji,厚街,HJA,houjie,hj
2044@hji,黑井,HIM,heijing,hj
2045@hji,涵江,HJS,hanjiang,hj
2046@hji,获嘉,HJF,huojia,hj
2047@hjq,杭锦后旗,HDC,hangjinhouqi,hjhq
2048@hjx,河间西,HXP,hejianxi,hjx
2049@hjz,花家庄,HJM,huajiazhuang,hjz
2050@hko,黄口,KOH,huangkou,hk
2051@hko,湖口,HKG,hukou,hk
2052@hla,怀来,VQP,huailai,hl
2053@hlb,海林北,KBX,hailinbei,hlb
2054@hlh,浩良河,HHB,haolianghe,hlh
2055@hli,黄流,KLQ,huangliu,hl
2056@hli,黄陵,ULY,huangling,hl
2057@hli,鹤立,HOB,heli,hl
2058@hli,桦林,HIB,hualin,hl
2059@hlo,和龙,HLL,helong,hl
2060@hlo,海龙,HIL,hailong,hl
2061@hls,哈拉苏,HAX,halasu,hls
2062@hlt,呼鲁斯太,VTJ,hulusitai,hlst
2063@hlz,火连寨,HLT,huolianzhai,hlz
2064@hmb,虎门北,HBA,humenbei,hmb
2065@hmd,虎门东,HDA,humendong,hmd
2066@hme,黄梅,VEH,huangmei,hm
2067@hme,虎门,IUQ,humen,hm
2068@hme,洪梅,HMA,hongmei,hm
2069@hmy,韩麻营,HYP,hanmaying,hmy
2070@hna,衡南,HNG,hengnan,hn
2071@hnd,桦南东,KNB,huanandong,hnd
2072@hnh,黄泥河,HHL,huangnihe,hnh
2073@hni,化念,HDM,huanian,hn
2074@hni,海宁,HNH,haining,hn
2075@hni,怀宁,APH,huaining,hn
2076@hno,惠农,HMJ,huinong,hn
2077@hpb,和平北,HPA,hepingbei,hpb
2078@hpi,和平,VAQ,heping,hp
2079@hpu,合浦,HVZ,hepu,hp
2080@hpz,花棚子,HZM,huapengzi,hpz
2081@hqb,横琴北,HOA,hengqinbei,hqb
2082@hqi,霍邱,FBH,huoqiu,hq
2083@hqi,宏庆,HEY,hongqing,hq
2084@hqi,横琴,HQA,hengqin,hq
2085@hqi,花桥,VQH,huaqiao,hq
2086@hrd,华容东,HPN,huarongdong,hrd
2087@hre,怀仁,HRV,huairen,hr
2088@hrn,华容南,KRN,huarongnan,hrn
2089@hro,华容,HRN,huarong,hr
2090@hsb,红寺堡北,HEJ,hongsibaobei,hsbb
2091@hsb,黑山北,HQT,heishanbei,hsb
2092@hsb,黄石北,KSN,huangshibei,hsb
2093@hsd,贺胜桥东,HLN,heshengqiaodong,hsqd
2094@hsd,黄松甸,HDL,huangsongdian,hsd
2095@hsh,衡山,HSQ,hengshan,hs
2096@hsh,虎什哈,HHP,hushiha,hsh
2097@hsh,惠山,VCH,huishan,hs
2098@hsh,红山,VSB,hongshan,hs
2099@hsn,汉寿南,VSQ,hanshounan,hsn
2100@hsn,含山南,HSU,hanshannan,hsn
2101@hsp,红寺堡,HSJ,hongsipu,hsp
2102@hsx,红砂岘,VSJ,hongshaxian,hsx
2103@hsx,衡山西,HEQ,hengshanxi,hsx
2104@hta,桓台,VTK,huantai,ht
2105@hta,荷塘,KXQ,hetang,ht
2106@hta,黑台,HQB,heitai,ht
2107@htb,黄桶北,HBE,huangtongbei,htb
2108@htz,海坨子,HZT,haituozi,htz
2109@hwa,黑旺,HWK,heiwang,hw
2110@hxi,徽县,HYY,huixian,hx
2111@hxi,红星,VXB,hongxing,hx
2112@hxl,红兴隆,VHB,hongxinglong,hxl
2113@hxt,红岘台,HTJ,hongxiantai,hxt
2114@hxt,换新天,VTB,huanxintian,hxt
2115@hxu,滑浚,HWF,huaxun,hx
2116@hya,合阳,HAY,heyang,hy
2117@hya,海晏,HFO,haiyan,hy
2118@hya,红彦,VIX,hongyan,hy
2119@hyb,合阳北,HTY,heyangbei,hyb
2120@hyb,河源北,HYA,heyuanbei,hyb
2121@hyb,海阳北,HEK,haiyangbei,hyb
2122@hyi,汉阴,HQY,hanyin,hy
2123@hyi,槐荫,IYN,huaiyin,hy
2124@hyk,花园口,HYT,huayuankou,hyk
2125@hyn,淮阳南,HVF,huaiyangnan,hyn
2126@hyt,黄羊滩,HGJ,huangyangtan,hyt
2127@hyu,花园,HUN,huayuan,hy
2128@hyz,黄羊镇,HYJ,huangyangzhen,hyz
2129@hzd,霍州东,HWV,huozhoudong,hzd
2130@hzh,黄州,VON,huangzhou,hz
2131@hzh,壶镇,HUU,huzhen,hz
2132@hzh,化州,HZZ,huazhou,hz
2133@hzh,霍州,HZV,huozhou,hz
2134@hzx,惠州西,VXQ,huizhouxi,hzx
2135@jba,巨宝,JRT,jubao,jb
2136@jbi,靖边,JIY,jingbian,jb
2137@jbt,金宝屯,JBD,jinbaotun,jbt
2138@jcb,晋城北,JEF,jinchengbei,jcb
2139@jch,交城,JNV,jiaocheng,jc
2140@jch,建昌,JFD,jianchang,jc
2141@jch,加查,JIO,jiacha,jc
2142@jch,泾川,JAJ,jingchuan,jc
2143@jch,碱厂,JUT,jianchang,jc
2144@jch,鄄城,JCK,juancheng,jc
2145@jde,旌德,NSH,jingde,jd
2146@jde,峻德,JDB,junde,jd
2147@jdi,井店,JFP,jingdian,jd
2148@jdu,江都,UDH,jiangdu,jd
2149@jfe,尖峰,PFQ,jianfeng,jf
2150@jgs,鸡冠山,JST,jiguanshan,jgs
2151@jgt,金沟屯,VGP,jingoutun,jgt
2152@jhe,精河,JHR,jinghe,jh
2153@jhe,金河,JHX,jinhe,jh
2154@jhe,锦河,JHB,jinhe,jh
2155@jhu,江华,JHZ,jianghua,jh
2156@jhu,建湖,AJH,jianhu,jh
2157@jjg,纪家沟,VJD,jijiagou,jjg
2158@jji,锦界,JEY,jinjie,jj
2159@jji,姜家,JJB,jiangjia,jj
2160@jke,金坑,JKT,jinkeng,jk
2161@jle,将乐,JLS,jiangle,jl
2162@jli,芨岭,JLJ,jiling,jl
2163@jls,九郎山,KJQ,jiulangshan,jls
2164@jmd,江门东,JWQ,jiangmendong,jmd
2165@jme,角美,JES,jiaomei,jm
2166@jmx,佳木斯西,JUB,jiamusixi,jmsx
2167@jna,莒南,JOK,junan,jn
2168@jnb,莒南北,VNK,junanbei,jnb
2169@jnb,济宁北,MIK,jiningbei,jnb
2170@jnd,济宁东,MNK,jiningdong,jnd
2171@jnn,建宁南,JQS,jianningnan,jnn
2172@jod,建瓯东,JZS,jianoudong,jod
2173@jou,建瓯,JVS,jianou,jo
2174@jox,建瓯西,JUS,jianouxi,jox
2175@jpu,金普,PWT,jinpu,jp
2176@jqi,建桥,JQA,jianqiao,jq
2177@jqi,江桥,JQX,jiangqiao,jq
2178@jrx,句容西,JWH,jurongxi,jrx
2179@jsa,九三,SSX,jiusan,js
2180@jsh,金山,JSR,jinshan,js
2181@jsh,建始,JRN,jianshi,js
2182@jsh,建水,JSM,jianshui,js
2183@jsh,稷山,JVV,jishan,js
2184@jsh,吉舒,JSL,jishu,js
2185@jsh,建设,JET,jianshe,js
2186@jsh,甲山,JOP,jiashan,js
2187@jsh,京山,JCN,jingshan,js
2188@jsh,嘉善,JSH,jiashan,js
2189@jsn,嘉善南,EAH,jiashannan,jsn
2190@jss,界首市,JUN,jieshoushi,jss
2191@jst,江所田,JOM,jiangsuotian,jst
2192@jst,金山屯,JTB,jinshantun,jst
2193@jsx,吉水西,JSG,jishuixi,jsx
2194@jta,景泰,JTJ,jingtai,jt
2195@jta,金塔,JIJ,jinta,jt
2196@jwe,吉文,JWX,jiwen,jw
2197@jxb,嘉祥北,MXK,jiaxiangbei,jxb
2198@jxi,泾县,LOH,jingxian,jx
2199@jxi,莒县,JKK,juxian,jx
2200@jxi,嘉祥,JUK,jiaxiang,jx
2201@jxi,郏县,JXF,jiaxian,jx
2202@jxz,夹心子,JXT,jiaxinzi,jxz
2203@jya,揭阳,JYA,jieyang,jy
2204@jya,建阳,JYS,jianyang,jy
2205@jya,姜堰,UEH,jiangyan,jy
2206@jyb,江油北,JBE,jiangyoubei,jyb
2207@jyb,巨野北,MYK,juyebei,jyb
2208@jyc,揭阳机场,JUA,jieyangjichang,jyjc
2209@jyn,揭阳南,JRQ,jieyangnan,jyn
2210@jyo,江永,JYZ,jiangyong,jy
2211@jyu,江源,SZL,jiangyuan,jy
2212@jyu,靖远,JYJ,jingyuan,jy
2213@jyu,缙云,JYH,jinyun,jy
2214@jyu,济源,JYF,jiyuan,jy
2215@jyw,金月湾,PYQ,jinyuewan,jyw
2216@jyx,靖远西,JXJ,jingyuanxi,jyx
2217@jyx,缙云西,PYH,jinyunxi,jyx
2218@jzb,胶州北,JZK,jiaozhoubei,jzb
2219@jzd,焦作东,WEF,jiaozuodong,jzd
2220@jzh,晋中,JZV,jinzhong,jz
2221@jzh,靖州,JEQ,jingzhou,jz
2222@jzh,景州,JEP,jingzhou,jz
2223@jzh,胶州,JXK,jiaozhou,jz
2224@jzw,旧庄窝,JVP,jiuzhuangwo,jzw
2225@jzz,金杖子,JYD,jinzhangzi,jzz
2226@kch,康城,KCP,kangcheng,kc
2227@kdi,宽甸,KDT,kuandian,kd
2228@kdo,克东,KOB,kedong,kd
2229@kdz,昆都仑召,KDC,kundulunzhao,kdlz
2230@key,库尔木依,VPR,kuermuyi,kemy
2231@kji,开江,KAW,kaijiang,kj
2232@klq,喀喇其,KQX,kalaqi,klq
2233@kpn,开平南,PVQ,kaipingnan,kpn
2234@kqi,口前,KQL,kouqian,kq
2235@ksh,奎山,KAB,kuishan,ks
2236@kta,葵潭,KTQ,kuitan,kt
2237@kxl,康熙岭,KXZ,kangxiling,kxl
2238@kyh,克一河,KHX,keyihe,kyh
2239@kyu,昆玉,ESR,kunyu,ky
2240@lba,冷坝,LBE,lengba,lb
2241@lbi,来宾,UBZ,laibin,lb
2242@lbi,老边,LLT,laobian,lb
2243@lbi,灵璧,GMH,lingbi,lb
2244@lbu,寮步,LTQ,liaobu,lb
2245@lcd,洛川东,LRY,luochuandong,lcd
2246@lch,罗城,VCZ,luocheng,lc
2247@lch,乐昌,LCQ,lechang,lc
2248@lch,黎城,UCP,licheng,lc
2249@lch,临城,UUP,lincheng,lc
2250@lcu,蓝村,LCK,lancun,lc
2251@ldo,乐东,UQQ,ledong,ld
2252@ldo,林东,LRC,lindong,ld
2253@ldu,乐都,LDO,ledu,ld
2254@ldx,梁底下,LDP,liangdixia,ldx
2255@ldz,六道河子,LVP,liudaohezi,ldhz
2256@lfa,鲁番,LVM,lufan,lf
2257@lfa,落垡,LOP,luofa,lf
2258@lfe,来凤,LFA,laifeng,lf
2259@lfe,龙丰,KFQ,longfeng,lf
2260@lfn,禄丰南,LQM,lufengnan,lfn
2261@lfu,老府,UFD,laofu,lf
2262@lga,兰岗,LNB,langang,lg
2263@lgd,龙骨甸,LGM,longgudian,lgd
2264@lgn,临高南,KGQ,lingaonan,lgn
2265@lgo,芦沟,LOM,lugou,lg
2266@lgo,龙沟,LGJ,longgou,lg
2267@lha,临海,UFH,linhai,lh
2268@lha,凌海,JID,linghai,lh
2269@lha,拉哈,LHX,laha,lh
2270@lha,林海,LXX,linhai,lh
2271@lhe,滦河,UDP,luanhe,lh
2272@lhn,临海南,LHU,linhainan,lhn
2273@lhn,凌海南,UNT,linghainan,lhn
2274@lhu,龙华,LHP,longhua,lh
2275@lhy,滦河沿,UNP,luanheyan,lhy
2276@lhz,六合镇,LEX,liuhezhen,lhz
2277@ljd,罗江东,IKW,luojiangdong,ljd
2278@ljd,亮甲店,LRT,liangjiadian,ljd
2279@ljh,刘家河,LVT,liujiahe,ljh
2280@lji,廉江,LJZ,lianjiang,lj
2281@lji,罗江,LJW,luojiang,lj
2282@lji,柳江,UQZ,liujiang,lj
2283@lji,两家,UJT,liangjia,lj
2284@lji,李家,LJB,lijia,lj
2285@lji,龙江,LJX,longjiang,lj
2286@ljk,莲江口,LHB,lianjiangkou,ljk
2287@ljn,利津南,LNK,lijinnan,ljn
2288@ljp,李家坪,LIJ,lijiaping,ljp
2289@ljz,厉家寨,UPK,lijiazhai,ljz
2290@lkn,林口南,LRB,linkounan,lkn
2291@lkp,路口铺,LKQ,lukoupu,lkp
2292@lla,老莱,LAX,laolai,ll
2293@llb,龙里北,KFW,longlibei,llb
2294@llb,沥林北,KBQ,lilinbei,llb
2295@llb,兰陵北,COK,lanlingbei,llb
2296@lld,醴陵东,UKQ,lilingdong,lld
2297@lli,临澧,LWQ,linli,ll
2298@lli,零陵,UWZ,lingling,ll
2299@lli,陆良,LRM,luliang,ll
2300@llo,卢龙,UAP,lulong,ll
2301@lmd,喇嘛甸,LMX,lamadian,lmd
2302@lmd,里木店,LMB,limudian,lmd
2303@lme,洛门,LMJ,luomen,lm
2304@lmi,芦庙,LMU,lumiao,lm
2305@lna,龙南,UNG,longnan,ln
2306@lnd,龙南东,LBG,longnandong,lnd
2307@lpd,六盘水东,LDE,liupanshuidong,lpsd
2308@lpl,落坡岭,LPP,luopoling,lpl
2309@lps,六盘山,UPJ,liupanshan,lps
2310@lps,乐平市,LPG,lepingshi,lps
2311@lpu,洛浦,LVR,luopu,lp
2312@lqi,临清,UQK,linqing,lq
2313@lqn,礼泉南,UNY,liquannan,lqn
2314@lqs,龙泉市,LVU,longquanshi,lqs
2315@lqu,礼泉,LGY,liquan,lq
2316@lqu,临泉,LOU,linquan,lq
2317@lsb,乐山北,UTW,leshanbei,ls
2318@lsd,冷水江东,UDQ,lengshuijiangdong,lsjd
2319@lsg,连山关,LGT,lianshanguan,lsg
2320@lsg,流水沟,USP,liushuigou,lsg
2321@lsh,灵石,LSV,lingshi,ls
2322@lsh,露水河,LUL,lushuihe,lsh
2323@lsh,罗山,LRN,luoshan,ls
2324@lsh,涟水,LIU,lianshui,ls
2325@lsh,龙市,LAG,longshi,ls
2326@lsh,梁山,LMK,liangshan,ls
2327@lsh,鲁山,LAF,lushan,ls
2328@lsn,娄山关南,LSE,loushanguannan,lsgn
2329@lst,柳树屯,LSD,liushutun,lst
2330@lsz,李石寨,LET,lishizhai,lsz
2331@lsz,龙山镇,LAS,longshanzhen,lsz
2332@lsz,梨树镇,LSB,lishuzhen,lsz
2333@lta,轮台,LAR,luntai,lt
2334@ltb,龙塘坝,LBM,longtangba,ltb
2335@ltu,濑湍,LVZ,laituan,lt
2336@ltz,龙塘镇,LVB,longtangzhen,ltz
2337@lwa,李旺,VLJ,liwang,lw
2338@lws,狼尾山,LRJ,langweishan,lws
2339@lwu,灵武,LNJ,lingwu,lw
2340@lwx,莱芜西,UXK,laiwuxi,lwx
2341@lxi,岚县,UXV,lanxian,lx
2342@lxi,朗县,LIO,langxian,lx
2343@lxi,芦溪,LUG,luxi,lx
2344@lxi,临湘,LXQ,linxiang,lx
2345@lxi,滦县,UXP,luanxian,lx
2346@lxi,林西,LXC,linxi,lx
2347@lxi,朗乡,LXB,langxiang,lx
2348@lxn,郎溪南,LXU,langxinan,lxn
2349@lxn,莱西南,LXK,laixinan,lxn
2350@lya,莱阳,LYK,laiyang,ly
2351@lyd,凌源东,LDD,lingyuandong,lyd
2352@lyd,临沂东,UYK,linyidong,lyd
2353@lyi,老营,LXL,laoying,ly
2354@lyi,临邑,LUK,linyi,ly
2355@lyi,临颍,LNF,linying,ly
2356@lyn,龙游南,LYU,longyounan,lyn
2357@lyo,龙游,LMH,longyou,ly
2358@lyu,林源,LYX,linyuan,ly
2359@lzb,鹿寨北,LSZ,luzhaibei,lzb
2360@lzb,临淄北,UEK,linzibei,lzb
2361@lze,临泽,LEJ,linze,lz
2362@lzg,龙爪沟,LZT,longzhuagou,lzg
2363@lzh,雷州,UAQ,leizhou,lz
2364@lzh,来舟,LZS,laizhou,lz
2365@lzh,鹿寨,LIZ,luzhai,lz
2366@lzh,拉鲊,LEM,lazha,lz
2367@lzn,六枝南,LOE,liuzhinan,lzn
2368@lzn,临泽南,LDJ,linzenan,lzn
2369@mas,马鞍山,MAH,maanshan,mas
2370@mba,毛坝,MBY,maoba,mb
2371@mbg,毛坝关,MGY,maobaguan,mbg
2372@mch,明城,MCL,mingcheng,mc
2373@mch,毛陈,MHN,maochen,mc
2374@mch,渑池,MCF,mianchi,mc
2375@mch,庙城,MAP,miaocheng,mc
2376@mcp,茅草坪,KPM,maocaoping,mcp
2377@mdh,猛洞河,MUQ,mengdonghe,mdh
2378@mds,磨刀石,MOB,modaoshi,mds
2379@mfe,民丰,MFR,minfeng,mf
2380@mga,明港,MGN,minggang,mg
2381@mgd,明港东,MDN,minggangdong,mgd
2382@mhu,马皇,MHZ,mahuang,mh
2383@mji,墨江,MJM,mojiang,mj
2384@mji,闵集,MJN,minji,mj
2385@mla,马兰,MLR,malan,ml
2386@mld,汨罗东,MQQ,miluodong,mld
2387@mle,民乐,MBJ,minle,ml
2388@mlh,马莲河,MHB,malianhe,mlh
2389@mli,茅岭,MLZ,maoling,ml
2390@mli,庙岭,MLL,miaoling,ml
2391@mli,米林,MIO,milin,ml
2392@mli,麻柳,MLY,maliu,ml
2393@mli,马林,MID,malin,ml
2394@mli,茂林,MLD,maolin,ml
2395@mlo,马龙,MGM,malong,ml
2396@mlt,木里图,MUD,mulitu,mlt
2397@mlu,汨罗,MLQ,miluo,ml
2398@mnh,玛纳斯湖,MNR,manasihu,mnsh
2399@mpi,牟平,MBK,muping,mp
2400@mqb,民权北,MIF,minquanbei,mqb
2401@mqh,马桥河,MQB,maqiaohe,mqh
2402@mqi,闽清,MQS,minqing,mq
2403@msh,眉山,MSW,meishan,ms
2404@msh,明水河,MUT,mingshuihe,msh
2405@msh,蒙山,MOK,mengshan,ms
2406@msh,麻山,MAB,mashan,ms
2407@mta,马踏,PWQ,mata,mt
2408@mxd,眉县东,CXY,meixiandong,mxd
2409@mxi,美溪,MEB,meixi,mx
2410@mya,麻阳,MVQ,mayang,my
2411@myd,米易东,MDE,miyidong,myd
2412@myu,麦园,MYS,maiyuan,my
2413@myx,麻阳西,MYA,mayangxi,myx
2414@mzh,庙庄,MZJ,miaozhuang,mz
2415@mzh,米脂,MEY,mizhi,mz
2416@mzh,明珠,MFQ,mingzhu,mz
2417@nbs,南博山,NBK,nanboshan,nbs
2418@nch,牛车河,NHA,niuchehe,nch
2419@nch,宁城,NCD,ningcheng,nc
2420@nch,南仇,NCK,nanqiu,nc
2421@ncs,南城司,NSP,nanchengsi,ncs
2422@ndu,宁都,NIG,ningdu,ndu
2423@ner,宁洱,NEM,ninger,ne
2424@nfb,南芬北,NUT,nanfenbei,nfb
2425@ngc,南观村,NGP,nanguancun,ngc
2426@ngd,南宫东,NFP,nangongdong,ngd
2427@ngl,南关岭,NLT,nanguanling,ngl
2428@ngu,宁国,NNH,ningguo,ng
2429@nhc,南河川,NHJ,nanhechuan,nhc
2430@nhu,南华,NAM,nanhua,nh
2431@nhu,宁化,NHS,ninghua,nh
2432@nhu,内黄,NUF,neihuang,nh
2433@nhz,泥河子,NHD,nihezi,nhz
2434@njd,内江东,NDE,neijiangdong,njd
2435@nji,宁家,NVT,ningjia,nj
2436@nji,能家,NJD,nengjia,nj
2437@nji,南靖,NJS,nanjing,nj
2438@njk,南江口,NDQ,nanjiangkou,njk
2439@nkq,南口前,NKT,nankouqian,nkq
2440@nla,南朗,NNQ,nanlang,nl
2441@nlg,奈林皋,NGT,nailingao,nlg
2442@nli,乃林,NLD,nailin,nl
2443@nli,南陵,LLH,nanling,nl
2444@nlk,尼勒克,NIR,nileke,nlk
2445@nmi,宁明,NMZ,ningming,nm
2446@nmu,南木,NMX,nanmu,nm
2447@npb,南堡北,TLP,nanpubei,npb
2448@nqi,南桥,NQD,nanqiao,nq
2449@nta,南台,NTT,nantai,nt
2450@nto,南头,NOQ,nantou,nt
2451@ntu,南屯,NTR,nantun,nt
2452@ntu,乃托,YHW,naituo,nt
2453@nwz,南湾子,NWP,nanwanzi,nwz
2454@nxi,泥溪,NIE,nixi,nxi
2455@nxi,宁县,AXJ,ningxian,nx
2456@nxi,内乡,NXF,neixiang,nx
2457@nxt,牛心台,NXT,niuxintai,nxt
2458@nxx,宁乡西,NXA,ningxiangxi,nxx
2459@nzg,娘子关,NIP,niangziguan,nzg
2460@nzh,南漳,NZN,nanzhang,nz
2461@nzh,南召,NAF,nanzhao,nz
2462@nzm,南杂木,NZT,nanzamu,nzm
2463@pan,蓬安,PAW,pengan,pa
2464@pan,平安,PAL,pingan,pa
2465@pan,磐安南,PNU,panannan,pan
2466@pax,普安县,PUE,puanxian,pax
2467@pay,平安驿,PNO,pinganyi,pay
2468@paz,平安镇,PZT,pinganzhen,paz
2469@paz,磐安镇,PAJ,pananzhen,paz
2470@pbi,屏边,PBM,pingbian,pb
2471@pbn,平坝南,PBE,pingbanan,pbn
2472@pch,蒲城,PCY,pucheng,pc
2473@pde,裴德,PDB,peide,pd
2474@pdi,普定,PGW,puding,pd
2475@pdi,偏店,PRP,piandian,pd
2476@pet,瓢儿屯,PRT,piaoertun,pet
2477@pga,平岗,PGL,pinggang,pg
2478@pgu,平果,PGZ,pingguo,pg
2479@pgu,平关,PGM,pingguan,pg
2480@pgu,盘关,PAM,panguan,pg
2481@phb,徘徊北,PHP,paihuaibei,phb
2482@phk,平河口,PHM,pinghekou,phk
2483@phu,平湖,PHQ,pinghu,ph
2484@pjd,潘家店,PDP,panjiadian,pjd
2485@pkn,皮口南,PKT,pikounan,pk
2486@pko,皮口,PUT,pikou,pk
2487@pli,偏岭,PNT,pianling,pl
2488@pna,屏南,PNS,pingnan,pn
2489@pnn,平南南,PAZ,pingnannan,pnn
2490@psb,彭山北,PPW,pengshanbei,psb
2491@psh,蒲石,PSY,pushi,ps
2492@psh,彭山,PSW,pengshan,ps
2493@psh,彭水,PHW,pengshui,ps
2494@psh,屏山,PSE,pingshan,psh
2495@psh,平社,PSV,pingshe,ps
2496@psh,盘山,PUD,panshan,ps
2497@psh,坪上,PSK,pingshang,ps
2498@pta,平台,PVT,pingtai,pt
2499@pti,平田,PTM,pingtian,pt
2500@ptq,葡萄菁,PTW,putaojing,ptq
2501@pwa,平旺,PWV,pingwang,pw
2502@pxg,平型关,PGV,pingxingguan,pxg
2503@pxi,蓬溪,KZW,pengxi,px
2504@pya,平遥,PYV,pingyao,py
2505@pya,彭阳,PYJ,pengyang,py
2506@pya,鄱阳,PYG,poyang,py
2507@pya,平洋,PYX,pingyang,py
2508@pyi,平邑,PIK,pingyi,py
2509@pyp,平原堡,PPJ,pingyuanpu,pyp
2510@pyu,平原,PYK,pingyuan,py
2511@pyu,平峪,PYP,pingyu,py
2512@pzb,平庄北,PZD,pingzhuangbei,pzb
2513@pzd,邳州东,PIU,pizhoudong,pzd
2514@pzh,平庄,PAD,pingzhuang,pz
2515@pzh,邳州,PJH,pizhou,pz
2516@pzi,泡子,POD,paozi,pz
2517@pzn,平庄南,PND,pingzhuangnan,pzn
2518@qan,乾安,QOT,qianan,qa
2519@qan,迁安,QQP,qianan,qa
2520@qan,秦安,QGJ,qinan,qa
2521@qch,庆城,QHJ,qingcheng,qc
2522@qcn,蕲春南,QCN,qichunnan,qcn
2523@qdb,祁东北,QRQ,qidongbei,qd
2524@qdc,青岛机场,QJK,qingdaojichang,qdjc
2525@qdo,祁东,QMQ,qidong,qd
2526@qdu,青堆,QET,qingdui,qd
2527@qfe,庆丰,QFT,qingfeng,qf
2528@qfn,曲阜南,QQK,qufunan,qfn
2529@qft,奇峰塔,QVP,qifengta,qft
2530@qhb,清河门北,QBD,qinghemenbei,qhmb
2531@qhe,千河,QUY,qianhe,qh
2532@qhe,齐河,QIK,qihe,qh
2533@qhm,清河门,QHD,qinghemen,qhm
2534@qji,渠旧,QJZ,qujiu,qj
2535@qji,潜江,QJN,qianjiang,qj
2536@qji,曲江,QIM,qujiang,qj
2537@qji,全椒,INH,quanjiao,qj
2538@qji,秦家,QJB,qinjia,qj
2539@qjp,祁家堡,QBT,qijiapu,qjp
2540@qjx,清涧县,QNY,qingjianxian,qjx
2541@qjz,秦家庄,QZV,qinjiazhuang,qjz
2542@qlh,七里河,QLD,qilihe,qlh
2543@qli,渠黎,QLZ,quli,ql
2544@qli,秦岭,QLY,qinling,ql
2545@qli,青莲,QEW,qinglian,ql
2546@qlo,青龙,QIB,qinglong,ql
2547@qls,青龙山,QGH,qinglongshan,qls
2548@qme,祁门,QIH,qimen,qm
2549@qmo,且末,QMR,qiemo,qm
2550@qmt,前磨头,QMP,qianmotou,qmt
2551@qsb,清水北,QEJ,qingshuibei,qsb
2552@qsh,青神,QVW,qingshen,qs
2553@qsh,岐山,QAY,qishan,qs
2554@qsh,前山,QXQ,qianshan,qs
2555@qsh,确山,QSN,queshan,qs
2556@qsh,清水,QUJ,qingshui,qs
2557@qsh,青山,QSB,qingshan,qs
2558@qsx,清水县,QIJ,qingshuixian,qsx
2559@qsy,戚墅堰,QYH,qishuyan,qsy
2560@qti,青田,QVH,qingtian,qt
2561@qto,桥头,QAT,qiaotou,qt
2562@qwe,犍为,JWE,qianwei,qwe
2563@qwe,前卫,QWD,qianwei,qw
2564@qwt,前苇塘,QWP,qianweitang,qwt
2565@qxd,祁县东,QGV,qixiandong,qxd
2566@qxi,黔西,QXE,qianxi,qx
2567@qxi,祁县,QXV,qixian,qx
2568@qxi,乾县,QBY,qianxian,qx
2569@qxi,青县,QXP,qingxian,qx
2570@qxi,桥西,QXJ,qiaoxi,qx
2571@qxn,旗下营南,QNC,qixiayingnan,qxyn
2572@qxy,旗下营,QXC,qixiaying,qxy
2573@qya,泉阳,QYL,quanyang,qy
2574@qya,千阳,QOY,qianyang,qy
2575@qya,祁阳,QWQ,qiyang,qy
2576@qya,沁阳,QYF,qinyang,qy
2577@qyb,祁阳北,QVQ,qiyangbei,qy
2578@qyi,七营,QYJ,qiying,qy
2579@qys,庆阳山,QSJ,qingyangshan,qys
2580@qyu,清原,QYT,qingyuan,qy
2581@qzb,青州市北,QOK,qingzhoushibei,qzsb
2582@qzh,钦州,QRZ,qinzhou,qz
2583@qzi,曲子,QJJ,quzi,qz
2584@qzs,青州市,QZK,qingzhoushi,qzs
2585@qzw,棋子湾,QZQ,qiziwan,qzw
2586@rbu,仁布,RUO,renbu,rb
2587@rch,瑞昌,RCG,ruichang,rc
2588@rcx,瑞昌西,RXG,ruichangxi,rcx
2589@rga,如皋,RBH,rugao,rg
2590@rgn,如皋南,RNU,rugaonan,rgn
2591@rgu,容桂,RUQ,ronggui,rg
2592@rji,榕江,RVW,rongjiang,rj
2593@rqi,任丘,RQP,renqiu,rq
2594@rsh,融水,RSZ,rongshui,rs
2595@rsh,热水,RSD,reshui,rs
2596@rsh,乳山,ROK,rushan,rs
2597@rxi,容县,RXZ,rongxian,rx
2598@rya,饶阳,RVP,raoyang,ry
2599@rya,汝阳,RYF,ruyang,ry
2600@ryh,绕阳河,RHD,raoyanghe,ryh
2601@rzh,汝州,ROF,ruzhou,rz
2602@sba,石坝,OBJ,shiba,sb
2603@sbc,上板城,SBP,shangbancheng,sbc
2604@sbi,施秉,AQW,shibing,sb
2605@sbn,上板城南,OBP,shangbanchengnan,sbcn
2606@scd,石城东,SDG,shichengdong,scd
2607@sch,商城,SWN,shangcheng,sc
2608@sch,舒城,OCH,shucheng,sc
2609@sch,遂昌,SCU,suichang,sc
2610@sch,顺昌,SCS,shunchang,sc
2611@sch,神池,SMV,shenchi,sc
2612@sch,石城,SCT,shicheng,sc
2613@scz,山城镇,SCL,shanchengzhen,scz
2614@sda,山丹,SDJ,shandan,sd
2615@sdc,山丹马场,JEJ,shandanmachang,sdmc
2616@sde,绥德,ODY,suide,sd
2617@sde,顺德,ORQ,shunde,sd
2618@sdh,三道湖,SDL,sandaohu,sdh
2619@sdo,水洞,SIL,shuidong,sd
2620@sdu,商都,SXC,shangdu,sd
2621@sdw,四道湾,OUD,sidaowan,sdw
2622@sdx,三都县,KKW,sanduxian,sdx
2623@sdy,顺德学院,OJQ,shundexueyuan,sdxy
2624@sfa,胜芳,SUP,shengfang,sf
2625@sft,四方台,STB,sifangtai,sft
2626@sfu,水富,OTW,shuifu,sf
2627@sgk,三关口,OKJ,sanguankou,sgk
2628@sgl,桑根达来,OGC,sanggendalai,sgdl
2629@sgz,上高镇,SVK,shanggaozhen,sgz
2630@sha,沙海,SED,shahai,sh
2631@sha,上杭,JBS,shanghang,sh
2632@she,蜀河,SHY,shuhe,sh
2633@she,松河,SBM,songhe,sh
2634@shk,沙河口,SKT,shahekou,shk
2635@shl,赛汗塔拉,SHC,saihantala,shtl
2636@sho,泗洪,GQH,sihong,sh
2637@shs,沙后所,SSD,shahousuo,shs
2638@shs,双河市,OHR,shuangheshi,shs
2639@shu,四会,AHQ,sihui,sh
2640@shx,三河县,OXP,sanhexian,shx
2641@shy,四合永,OHD,siheyong,shy
2642@shz,三汇镇,OZW,sanhuizhen,shz
2643@shz,双河镇,SEL,shuanghezhen,shz
2644@shz,三合庄,SVP,sanhezhuang,shz
2645@sjb,畲江北,SOA,shejiangbei,sjb
2646@sjh,沈家河,OJJ,shenjiahe,sjh
2647@sji,双吉,SML,shuangji,sj
2648@sji,尚家,SJB,shangjia,sj
2649@sjk,三江口,SKD,sanjiangkou,sjk
2650@sjl,司家岭,OLK,sijialing,sjl
2651@sjx,沙井西,SJA,shajingxi,sjx
2652@sjz,松江镇,OZL,songjiangzhen,sjz
2653@sjz,三井子,OJT,sanjingzi,sjz
2654@sjz,十家子,SJD,shijiazi,sjz
2655@sjz,三家寨,SMM,sanjiazhai,sjz
2656@sld,什里店,OMP,shilidian,sld
2657@sle,疏勒,SUR,shule,sl
2658@slh,舍力虎,VLD,shelihu,slh
2659@slh,疏勒河,SHJ,shulehe,slh
2660@sli,双辽,ZJD,shuangliao,sl
2661@sli,石岭,SOL,shiling,sl
2662@sli,石磷,SPB,shilin,sl
2663@slo,石龙,SLQ,shilong,sl
2664@slq,萨拉齐,SLC,salaqi,slq
2665@slu,索伦,SNT,suolun,sl
2666@slz,沙岭子,SLP,shalingzi,slz
2667@smx,石门县,OMQ,shimenxian,smx
2668@smx,神木西,OUY,shenmuxi,smx
2669@sna,山南,SAO,shannan,sna
2670@sni,肃宁,SYP,suning,sn
2671@snj,神农架,SMN,shennongjia,snj
2672@snq,苏尼特左旗,ONC,sunitezuoqi,sntzq
2673@spa,双牌,SBZ,shuangpai,sp
2674@spi,遂平,SON,suiping,sp
2675@spt,沙坡头,SFJ,shapotou,spt
2676@sqd,商丘东,SIF,shangqiudong,sqd
2677@sqi,石桥,SQE,shiqiao,sq
2678@sqi,沈丘,SQN,shenqiu,sq
2679@sqn,商丘南,SPF,shangqiunan,sqn
2680@squ,水泉,SID,shuiquan,sq
2681@sre,石人,SRL,shiren,sr
2682@sri,桑日,SRO,sangri,sri
2683@ssb,狮山北,NSQ,shishanbei,ssb
2684@ssb,三水北,ARQ,sanshuibei,ssb
2685@ssb,松山湖北,KUQ,songshanhubei,sshb
2686@ssh,鄯善,SSR,shanshan,ss
2687@ssh,松树,SFT,songshu,ss
2688@ssh,石山,SAD,shishan,ss
2689@ssh,首山,SAT,shoushan,ss
2690@ssh,三水,SJQ,sanshui,ss
2691@ssh,狮山,KSQ,shishan,ss
2692@ssh,泗水,OSK,sishui,ss
2693@ssh,山市,SQB,shanshi,ss
2694@ssj,三十家,SRD,sanshijia,ssj
2695@ssn,三水南,RNQ,sanshuinan,ssn
2696@ssn,泗水南,ONK,sishuinan,ssn
2697@ssp,三十里堡,SST,sanshilipu,sslp
2698@ssz,松树镇,SSL,songshuzhen,ssz
2699@ssz,双水镇,PQQ,shuangshuizhen,ssz
2700@sth,索图罕,SHX,suotuhan,sth
2701@sti,石梯,STE,shiti,st
2702@stj,三堂集,SDH,santangji,stj
2703@sto,神头,SEV,shentou,st
2704@sto,石头,OTB,shitou,st
2705@stu,沙沱,SFM,shatuo,st
2706@swa,上万,SWP,shangwan,sw
2707@sws,沙湾市,SXR,shawanshi,sws
2708@swu,孙吴,SKB,sunwu,sw
2709@sxb,歙县北,NPH,shexianbei,sxb
2710@sxi,遂溪,SXZ,suixi,sx
2711@sxi,石岘,SXL,shixian,sx
2712@sxi,寿县,SOU,shouxian,sx
2713@sxi,沙县,SAS,shaxian,sx
2714@sxi,始兴,IPQ,shixing,sx
2715@sxi,随县,OVN,suixian,sx
2716@sxi,歙县,OVH,shexian,sx
2717@sxi,泗县,GPH,sixian,sx
2718@sxi,水茜,SSS,shuixi,sx
2719@sxp,上西铺,SXM,shangxipu,sxp
2720@sxz,石峡子,SXJ,shixiazi,sxz
2721@sya,寿阳,SYV,shouyang,sy
2722@sya,泗阳,MPH,siyang,sy
2723@sya,沭阳,FMH,shuyang,sy
2724@sya,松阳,SUU,songyang,sy
2725@sya,水洋,OYP,shuiyang,sy
2726@sya,三阳,SYU,sanyang,sy
2727@sya,射阳,SAU,sheyang,sy
2728@sya,双洋,SQS,shuangyang,sy
2729@sya,绥阳,SYB,suiyang,sy
2730@syb,松原北,OCT,songyuanbei,syb
2731@syb,邵阳北,OVQ,shaoyangbei,syb
2732@syc,三阳川,SYJ,sanyangchuan,syc
2733@syd,上腰墩,SPJ,shangyaodun,syd
2734@syi,三营,OEJ,sanying,sy
2735@syi,山阴,SNV,shanyin,sy
2736@syj,三义井,OYD,sanyijing,syj
2737@syn,上虞南,SVU,shangyunan,syn
2738@syp,三源浦,SYL,sanyuanpu,syp
2739@syu,上园,SUD,shangyuan,sy
2740@syu,三原,SAY,sanyuan,sy
2741@syu,上虞,BDH,shangyu,sy
2742@syx,邵阳西,SXA,shaoyangxi,syx
2743@szb,绥中北,SND,suizhongbei,szb
2744@szb,深圳机场北,SBA,shenzhenjichangbei,szjcb
2745@szb,嵊州北,SEU,shengzhoubei,szb
2746@szh,孙镇,OZY,sunzhen,sz
2747@szh,神州,SRQ,shenzhou,sz
2748@szh,桑植,SZA,sangzhi,sz
2749@szh,深州,OZP,shenzhou,sz
2750@szh,肃州,SRJ,suzhou,sz
2751@szi,松滋,SIN,songzi,sz
2752@szm,十字门,SIA,shizimen,szm
2753@szo,师宗,SEM,shizong,sz
2754@szq,苏州园区,KAH,suzhouyuanqu,szyq
2755@szq,苏州新区,ITH,suzhouxinqu,szxq
2756@tan,台安,TID,taian,ta
2757@tan,台安南,TAD,taiannan,tan
2758@tay,通安驿,TAJ,tonganyi,tay
2759@tba,桐柏,TBF,tongbai,tb
2760@tca,太仓,TCU,taicang,tc
2761@tcb,桃村北,TOK,taocunbei,tcb
2762@tcd,桐城东,TOU,tongchengdong,tcd
2763@tcg,铁厂沟,TJR,tiechanggou,tcg
2764@tch,铁厂,TCL,tiechang,tc
2765@tch,郯城,TZK,tancheng,tc
2766@tch,桐城,TTH,tongcheng,tc
2767@tcn,桐城南,TUU,tongchengnan,tcn
2768@tcn,太仓南,TNU,taicangnan,tcn
2769@tcs,铁刹山,PST,tiechashan,tcs
2770@tcu,桃村,TCK,taocun,tc
2771@tdb,田东北,TBZ,tiandongbei,tdb
2772@tdo,田东,TDZ,tiandong,td
2773@tga,天岗,TGL,tiangang,tg
2774@tgd,太谷东,TEV,taigudong,tgd
2775@tgk,铁干里克,VAR,tieganlike,tglk
2776@tgl,土贵乌拉,TGC,tuguiwula,tgwl
2777@tgo,通沟,TOL,tonggou,tg
2778@tgx,太谷西,TIV,taiguxi,tgx
2779@thb,太和北,JYN,taihebei,thb
2780@thd,太和东,TDU,taihedong,thd
2781@the,唐河,THF,tanghe,th
2782@thn,唐海南,IEP,tanghainan,thn
2783@thx,通化县,TXL,tonghuaxian,thx
2784@tji,团结,TIX,tuanjie,tj
2785@tjj,谭家井,TNJ,tanjiajing,tjj
2786@tjw,唐家湾,PDQ,tangjiawan,tjw
2787@tjz,统军庄,TZP,tongjunzhuang,tjz
2788@tlb,铜陵北,KXH,tonglingbei,tlb
2789@tld,吐列毛杜,TMD,tuliemaodu,tlmd
2790@tlh,图里河,TEX,tulihe,tlh
2791@tli,亭亮,TIZ,tingliang,tl
2792@tli,田林,TFZ,tianlin,tl
2793@tme,天门,TMN,tianmen,tm
2794@tms,太姥山,TLS,taimushan,tms
2795@tmt,土牧尔台,TRC,tumuertai,tmet
2796@tmz,土门子,TCJ,tumenzi,tmz
2797@tna,洮南,TVT,taonan,tn
2798@tpc,太平川,TIT,taipingchuan,tpc
2799@tpz,太平镇,TEB,taipingzhen,tpz
2800@tqi,台前,TTK,taiqian,tq
2801@tqi,图强,TQX,tuqiang,tq
2802@tql,天桥岭,TQL,tianqiaoling,tql
2803@tqz,土桥子,TQJ,tuqiaozi,tqz
2804@tsb,甜水堡,TUJ,tianshuibu,tsb
2805@tsc,汤山城,TCT,tangshancheng,tsc
2806@tsh,台山,PUQ,taishan,ts
2807@tsh,桃山,TAB,taoshan,ts
2808@tts,天台山,TIU,tiantaishan,tts
2809@ttu,通途,TUT,tongtu,tt
2810@twe,通渭,TWJ,tongwei,tw
2811@txd,田心东,KQQ,tianxindong,txd
2812@txi,藤县,TAZ,tengxian,tx
2813@txi,同心,TXJ,tongxin,tx
2814@txi,桐乡,TCH,tongxiang,tx
2815@tya,田阳,TRZ,tianyang,ty
2816@tyi,天义,TND,tianyi,ty
2817@tyi,汤阴,TYF,tangyin,ty
2818@tyl,驼腰岭,TIL,tuoyaoling,tyl
2819@tys,太阳山,TYJ,taiyangshan,tys
2820@tyu,桃源,TYA,taoyuan,ty
2821@tyu,汤原,TYB,tangyuan,ty
2822@tyx,通远堡西,TST,tongyuanpuxi,typx
2823@tyy,塔崖驿,TYP,tayayi,tyy
2824@tzh,滕州,TXK,tengzhou,tz
2825@tzh,天镇,TZV,tianzhen,tz
2826@tzh,天祝,TZJ,tianzhu,tz
2827@tzs,天柱山,QWH,tianzhushan,tzs
2828@wan,武安,WAP,wuan,wa
2829@wan,文安,WBP,wenan,wa
2830@wax,万安县,WAG,wananxian,wax
2831@waz,王安镇,WVP,wanganzhen,waz
2832@wbu,吴堡,WUY,wubu,wb
2833@wcg,五叉沟,WCT,wuchagou,wcg
2834@wch,吴川,WAQ,wuchuan,wc
2835@wch,温春,WDB,wenchun,wc
2836@wdc,五大连池,WRB,wudalianchi,wdlc
2837@wdd,文登东,WGK,wendengdong,wdd
2838@wde,文登,WBK,wendeng,wd
2839@wdg,五道沟,WDL,wudaogou,wdg
2840@wdh,五道河,WHP,wudaohe,wdh
2841@wdi,文地,WNZ,wendi,wd
2842@wdo,卫东,WVT,weidong,wd
2843@wdu,望都,WDP,wangdu,wd
2844@wdx,武当山西,WWN,wudangshanxi,wdsx
2845@weh,乌尔旗汗,WHX,wuerqihan,weqh
2846@wfb,潍坊北,WJK,weifangbei,wfb
2847@wfs,五府山,WFG,wufushan,wfs
2848@wfu,王府,WUT,wangfu,wf
2849@wgo,湾沟,WGL,wangou,wg
2850@wgt,吴官田,WGM,wuguantian,wgt
2851@whb,威虎岭北,WBL,weihulingbei,whlb
2852@whb,威海北,WHK,weihaibei,whb
2853@whb,芜湖北,WBU,wuhubei,whb
2854@whn,芜湖南,RVH,wuhunan,whn
2855@whn,卫辉南,WVF,weihuinan,whn
2856@whu,卫辉,WHF,weihui,wh
2857@wjc,吴家川,WCJ,wujiachuan,wjc
2858@wji,渭津,WJL,weijin,wj
2859@wji,午汲,WJP,wuji,wj
2860@wji,威箐,WAM,weiqing,wj
2861@wjq,魏家泉,WJR,weijiaquan,wjq
2862@wke,倭肯,WQB,woken,wk
2863@wlb,五龙背,WBT,wulongbei,wlb
2864@wld,五龙背东,WMT,wulongbeidong,wlbd
2865@wlg,瓦拉干,WVX,walagan,wlg
2866@wli,五莲,WLK,wulian,wl
2867@wls,卧龙寺,WLY,wolongsi,wls
2868@wlt,乌兰木图,VLT,wulanmutu,wlmt
2869@wlt,卧里屯,WLX,wolitun,wlt
2870@wnd,望牛墩,WNA,wangniudun,wnd
2871@wne,乌奴耳,WRX,wunuer,wne
2872@wni,万宁,WNQ,wanning,wn
2873@wni,万年,WWG,wannian,wn
2874@wnn,渭南南,WVY,weinannan,wnn
2875@wnz,渭南镇,WNJ,weinanzhen,wnz
2876@wqi,吴桥,WUP,wuqiao,wq
2877@wsh,巫山,WOE,wushan,ws
2878@wsh,文水,WEV,wenshui,ws
2879@wsh,巍山,WOM,weishan,ws
2880@wsh,武山,WSJ,wushan,ws
2881@wsx,瓦石峡,WHR,washixia,wsx
2882@wsz,魏善庄,WSP,weishanzhuang,wsz
2883@wto,五通,WTZ,wutong,wt
2884@wto,王瞳,WTP,wangtong,wt
2885@wts,五台山,WSV,wutaishan,wts
2886@wtz,王团庄,WZJ,wangtuanzhuang,wtz
2887@wwe,无为,IIH,wuwei,ww
2888@wws,瓦屋山,WAH,wawushan,wws
2889@wwu,五五,WVR,wuwu,ww
2890@wxd,武乡东,WVV,wuxiangdong,wxd
2891@wxi,威信,WXE,weixin,wx
2892@wxi,武乡,WUV,wuxiang,wx
2893@wxi,闻喜,WXV,wenxi,wx
2894@wxi,卫星,WVB,weixing,wx
2895@wxq,无锡新区,IFH,wuxixinqu,wxxq
2896@wya,王杨,WYB,wangyang,wy
2897@wyb,武义北,WDH,wuyibei,wyb
2898@wyi,武义,RYH,wuyi,wy
2899@wyt,瓦窑田,WIM,wayaotian,wyt
2900@wyu,五原,WYC,wuyuan,wy
2901@wza,湾仔,WZA,wanzai,wz
2902@wzb,湾仔北,WBA,wanzaibei,wzb
2903@wzg,苇子沟,WZL,weizigou,wzg
2904@wzh,韦庄,WZY,weizhuang,wz
2905@wzh,五寨,WZV,wuzhai,wz
2906@wzh,武陟,WIF,wuzhi,wz
2907@wzn,湾沚南,WNU,wanzhinan,wzn
2908@wzz,魏杖子,WKD,weizhangzi,wzz
2909@wzz,微子镇,WQP,weizizhen,wzz
2910@xan,兴安,XAZ,xingan,xa
2911@xan,新安,EAM,xinan,xa
2912@xax,新安县,XAF,xinanxian,xax
2913@xba,新保安,XAP,xinbaoan,xba
2914@xbc,下板城,EBP,xiabancheng,xbc
2915@xbl,西八里,XLP,xibali,xbl
2916@xcb,许昌北,EBF,xuchangbei,xcb
2917@xch,项城,ERN,xiangcheng,xc
2918@xcu,小村,XEM,xiaocun,xc
2919@xcy,新绰源,XRX,xinchuoyuan,xcy
2920@xcz,下城子,XCB,xiachengzi,xcz
2921@xde,喜德,EDW,xide,xd
2922@xdj,小得江,EJM,xiaodejiang,xdj
2923@xdm,西大庙,XMP,xidamiao,xdm
2924@xdo,小董,XEZ,xiaodong,xd
2925@xdo,小东,XOD,xiaodong,xd
2926@xdu,西渡,XDA,xidu,xd
2927@xfe,襄汾,XFV,xiangfen,xf
2928@xfe,信丰,EFG,xinfeng,xf
2929@xfx,襄汾西,XTV,xiangfenxi,xfx
2930@xfx,信丰西,XFG,xinfengxi,xfx
2931@xga,新干,EGG,xingan,xg
2932@xga,孝感,XGN,xiaogan,xg
2933@xgd,新干东,XGG,xingandong,xgd
2934@xgx,兴国西,XIG,xingguoxi,xgx
2935@xgz,夏格庄,XZK,xiagezhuang,xgz
2936@xgz,西岗子,NBB,xigangzi,xgz
2937@xhb,宣化北,VJP,xuanhuabei,xhb
2938@xhd,西湖东,WDQ,xihudong,xhd
2939@xhe,新和,XIR,xinhe,xh
2940@xhe,宣和,XWJ,xuanhe,xh
2941@xhe,襄河,XXB,xianghe,xh
2942@xhj,斜河涧,EEP,xiehejian,xhj
2943@xht,新华屯,XAX,xinhuatun,xht
2944@xhu,新华,XHB,xinhua,xh
2945@xhu,新化,EHQ,xinhua,xh
2946@xhu,宣化,XHP,xuanhua,xh
2947@xhu,西华,EHF,xihua,xh
2948@xhy,小河沿,XYD,xiaoheyan,xhy
2949@xhy,下花园,XYP,xiahuayuan,xhy
2950@xhz,小河镇,EKY,xiaohezhen,xhz
2951@xjd,徐家店,HYK,xujiadian,xjd
2952@xji,峡江,EJG,xiajiang,xj
2953@xji,新绛,XJV,xinjiang,xj
2954@xjn,仙居南,XNU,xianjunan,xjn
2955@xjt,许家屯,XJT,xujiatun,xjt
2956@xka,兴凯,EKB,xingkai,xk
2957@xla,小榄,EAQ,xiaolan,xl
2958@xla,香兰,XNB,xianglan,xl
2959@xli,新李,XLJ,xinli,xl
2960@xli,西柳,GCT,xiliu,xl
2961@xli,西林,XYB,xilin,xl
2962@xli,新林,XPX,xinlin,xl
2963@xlt,新立屯,XLD,xinlitun,xlt
2964@xlx,兴隆县西,IRP,xilongxianxi,xlxx
2965@xms,西麻山,XMB,ximashan,xms
2966@xmt,下马塘,XAT,xiamatang,xmt
2967@xna,孝南,XNV,xiaonan,xn
2968@xnb,咸宁北,XRN,xianningbei,xnb
2969@xnd,咸宁东,XKN,xianningdong,xnd
2970@xni,兴宁,ENQ,xingning,xn
2971@xni,咸宁,XNN,xianning,xn
2972@xpi,兴平,XPY,xingping,xp
2973@xpi,西平,XPN,xiping,xp
2974@xpt,新坪田,XPM,xinpingtian,xpt
2975@xpx,西平西,EGQ,xipingxi,xpx
2976@xqi,新邱,XQD,xinqiu,xq
2977@xqi,新青,XQB,xinqing,xq
2978@xqp,兴泉堡,XQJ,xingquanbu,xqp
2979@xrq,仙人桥,XRL,xianrenqiao,xrq
2980@xsg,小寺沟,ESP,xiaosigou,xsg
2981@xsh,夏石,XIZ,xiashi,xs
2982@xsh,浠水,XZN,xishui,xs
2983@xsh,杏树,XSB,xingshu,xs
2984@xsh,下社,XSV,xiashe,xs
2985@xsh,徐水,XSP,xushui,xs
2986@xsn,浠水南,VNN,xishuinan,xsn
2987@xst,杏树屯,XDT,xingshutun,xst
2988@xsw,许三湾,XSJ,xusanwan,xsw
2989@xsx,响水县,XSU,xiangshuixian,xsx
2990@xta,邢台,XTP,xingtai,xt
2991@xtb,湘潭北,EDQ,xiangtanbei,xtb
2992@xtx,仙桃西,XAN,xiantaoxi,xtx
2993@xtz,下台子,EIP,xiataizi,xtz
2994@xwd,小湾东,XNM,xiaowandong,xwd
2995@xwe,徐闻,XJQ,xuwen,xw
2996@xwp,新窝铺,EPD,xinwopu,xwp
2997@xwq,西乌旗,XWD,xiwuqi,xwq
2998@xwu,修武,XWF,xiuwu,xw
2999@xwx,修武西,EXF,xiuwuxi,xwx
3000@xxi,新县,XSN,xinxian,xx
3001@xxi,息县,ENN,xixian,xx
3002@xxi,湘乡,XXQ,xiangxiang,xx
3003@xxi,萧县,EOH,xiaoxian,xx
3004@xxn,新乡南,ENF,xinxiangnan,xxn
3005@xxx,新兴县,XGQ,xinxingxian,xxx
3006@xxz,西小召,XZC,xixiaozhao,xxz
3007@xxz,小西庄,XXP,xiaoxizhuang,xxz
3008@xya,向阳,XDB,xiangyang,xy
3009@xyb,旬阳北,XBY,xunyangbei,xyb
3010@xyb,咸阳北,EBY,xianyangbei,xyb
3011@xyd,襄垣东,EAF,xiangyuandong,xyd
3012@xye,兴业,SNZ,xingye,xy
3013@xyg,小雨谷,XHM,xiaoyugu,xyg
3014@xyi,新沂,VIH,xinyi,xy
3015@xyj,小月旧,XFM,xiaoyuejiu,xyj
3016@xyn,新沂南,XYU,xinyinan,xyn
3017@xyo,仙游,XWS,xianyou,xy
3018@xyq,小扬气,XYX,xiaoyangqi,xyq
3019@xyu,襄垣,EIF,xiangyuan,xy
3020@xyx,夏邑县,EJH,xiayixian,xyx
3021@xyy,新友谊,EYB,xinyouyi,xyy
3022@xyz,新阳镇,XZJ,xinyangzhen,xyz
3023@xzf,新帐房,XZX,xinzhangfang,xzf
3024@xzh,悬钟,XRP,xuanzhong,xz
3025@xzi,汐子,XZD,xizi,xz
3026@xzm,西哲里木,XRD,xizhelimu,xzlm
3027@xzz,新杖子,ERP,xinzhangzi,xzz
3028@yan,永安,YAS,yongan,ya
3029@yax,永安乡,YNB,yonganxiang,yax
3030@ybi,盐边,YBE,yanbian,yb
3031@ybs,元宝山,YUD,yuanbaoshan,ybs
3032@yca,羊草,YAB,yangcao,yc
3033@ycb,永城北,RGH,yongchengbei,ycb
3034@ycd,秧草地,YKM,yangcaodi,ycd
3035@ycd,禹城东,YSK,yuchengdong,ycd
3036@ycf,盐城大丰,YFU,yanchengdafeng,ycdf
3037@ych,砚川,YYY,yanchuan,yc
3038@ych,盐池,YKJ,yanchi,yc
3039@ych,阳岔,YAL,yangcha,yc
3040@ych,应城,YHN,yingcheng,yc
3041@ych,宜城,YIN,yicheng,yc
3042@ych,郓城,YPK,yuncheng,yc
3043@ych,晏城,YEK,yancheng,yc
3044@ych,禹城,YCK,yucheng,yc
3045@ych,阳澄湖,AIH,yangchenghu,ych
3046@ych,阳城,YNF,yangcheng,yc
3047@ych,迎春,YYB,yingchun,yc
3048@ych,雁翅,YAP,yanchi,yc
3049@ycl,云彩岭,ACP,yuncailing,ycl
3050@ycx,虞城县,IXH,yuchengxian,ycx
3051@ycz,营城子,YCT,yingchengzi,ycz
3052@ydb,于都北,YYG,yudubei,ydb
3053@yde,英德,YDQ,yingde,yd
3054@ydh,云东海,NAQ,yundonghai,ydh
3055@ydi,尹地,YDM,yindi,yd
3056@ydi,永定,YGS,yongding,yd
3057@ydo,阳东,WLQ,yangdong,yd
3058@ydu,园墩,YAJ,yuandun,yd
3059@yfn,永福南,YBZ,yongfunan,yfn
3060@yga,阳高,YOV,yanggao,yg
3061@yga,杨岗,YRB,yanggang,yg
3062@yge,雨格,VTM,yuge,yg
3063@ygn,阳高南,AGV,yanggaonan,ygn
3064@ygu,阳谷,YIK,yanggu,yg
3065@yha,友好,YOB,youhao,yh
3066@yhc,沿河城,YHP,yanhecheng,yhc
3067@yhe,洋河,GTH,yanghe,yh
3068@yhu,岩会,AEP,yanhui,yh
3069@yjh,羊臼河,YHM,yangjiuhe,yjh
3070@yji,元江,AJM,yuanjiang,yj
3071@yji,营街,YAM,yingjie,yj
3072@yji,永嘉,URH,yongjia,yj
3073@yji,余江,YHG,yujiang,yj
3074@yjj,岳家井,YGJ,yuejiajing,yjj
3075@yjs,云居寺,AFP,yunjusi,yjs
3076@yjz,燕家庄,AZK,yanjiazhuang,yjz
3077@yka,永康,RFH,yongkang,yk
3078@ykl,英库勒,YLR,yinfkule,ykl
3079@yla,银浪,YJX,yinlang,yl
3080@ylh,运粮河,YEF,yunlianghe,ylh
3081@ylh,伊拉哈,YLX,yilaha,ylh
3082@yli,尉犁,WRR,yuli,yl
3083@yli,鄢陵,YIF,yanling,yl
3084@yli,伊林,YLB,yilin,yl
3085@ylt,月亮田,YUM,yueliangtian,ylt
3086@yma,义马,YMF,yima,ym
3087@ymb,阳明堡,YVV,yangmingbu,ymb
3088@yme,云梦,YMN,yunmeng,ym
3089@ymi,伊敏,YMX,yimin,ym
3090@yms,一面山,YST,yimianshan,yms
3091@yna,沂南,YNK,yinan,yn
3092@yny,云南驿,ANM,yunnanyi,yny
3093@ypi,银瓶,KPQ,yinping,yp
3094@yps,营盘水,YZJ,yingpanshui,yps
3095@yqd,乐清东,OLH,yueqingdong,yqd
3096@yqi,永庆,YQL,yongqing,yq
3097@yqi,杨桥,YQA,yangqiao,yq
3098@yqi,源迁,AQK,yuanqian,yq
3099@yqz,玉泉镇,YFR,yuquanzhen,yqz
3100@yre,永仁,ARM,yongren,yr
3101@ysb,颍上北,YBU,yingshangbei,ysb
3102@ysg,野三关,BNN,yesanguan,ysg
3103@ysg,榆树沟,YGP,yushugou,ysg
3104@ysh,玉石,YSJ,yushi,ys
3105@ysh,阳朔,YCZ,yangshuo,ys
3106@ysh,永寿,ASY,yongshou,ys
3107@ysh,云山,KZQ,yunshan,ys
3108@ysh,窑上,ASP,yaoshang,ys
3109@ysh,玉舍,AUM,yushe,ys
3110@ysh,沂水,YUK,yishui,ys
3111@ysh,颍上,YVH,yingshang,ys
3112@ysh,偃师,YSF,yanshi,ys
3113@ysh,月山,YBF,yueshan,ys
3114@ysl,杨树岭,YAD,yangshuling,ysl
3115@ysn,雁石南,YMS,yanshinan,ysn
3116@ysp,野三坡,AIP,yesanpo,ysp
3117@ysx,榆社西,AXV,yushexi,ysx
3118@ysx,永寿西,AUY,yongshouxi,ysx
3119@ysz,鹰手营子,YIP,yingshouyingzi,ysyz
3120@yta,源潭,YTQ,yuantan,yt
3121@yti,于田,YWR,yutian,yt
3122@yto,伊通,YTL,yitong,yt
3123@ytp,牙屯堡,YTZ,yatunpu,ytp
3124@ytt,烟筒屯,YUX,yantongtun,ytt
3125@ytx,烟台西,YTK,yantaixi,ytx
3126@yws,羊尾哨,YWM,yangweishao,yws
3127@yxg,野象谷,AGM,yexianggu,yxg
3128@yxi,阳西,WMQ,yangxi,yx
3129@yxi,云县,AIM,yunxian,yx
3130@yxi,阳信,YVK,yangxin,yx
3131@yxi,应县,YZV,yingxian,yx
3132@yxi,攸县,YOG,youxian,yx
3133@yxi,永修,ACG,yongxiu,yx
3134@yxn,攸县南,YXG,youxiannan,yxn
3135@yxx,洋县西,YXY,yangxianxi,yxx
3136@yxx,义县西,YSD,yixianxi,yxx
3137@yya,云阳,YUE,yunyang,yy
3138@yya,酉阳,AFW,youyang,yy
3139@yya,弋阳,YIG,yiyang,yy
3140@yya,余姚,YYH,yuyao,yy
3141@yyb,余姚北,CTH,yuyaobei,yyb
3142@yyi,阳邑,ARP,yangyi,yy
3143@yyu,鸭园,YYL,yayuan,yy
3144@yyu,杨源,AYS,yangyuan,yy
3145@yyz,鸳鸯镇,YYJ,yuanyangzhen,yyz
3146@yzb,燕子砭,YZY,yanzibian,yzb
3147@yzh,宜州,YSZ,yizhou,yz
3148@yzh,银盏,YZA,yinzhan,yz
3149@yzh,仪征,UZH,yizheng,yz
3150@yzh,耀州,YOY,yaozhou,yz
3151@yzh,禹州,YZF,yuzhou,yz
3152@yzi,迤资,YQM,yizi,yz
3153@yzw,羊者窝,AEM,yangzhewo,yzw
3154@yzz,杨杖子,YZD,yangzhangzi,yzz
3155@zan,镇安,ZEY,zhenan,za
3156@zan,治安,ZAD,zhian,za
3157@zba,招柏,ZBP,zhaobai,zb
3158@zbw,张百湾,ZUP,zhangbaiwan,zbw
3159@zch,子长,ZHY,zichang,zc
3160@zch,赵城,ZCV,zhaocheng,zc
3161@zch,枝城,ZCN,zhicheng,zc
3162@zch,邹城,ZIK,zoucheng,zc
3163@zch,诸城,ZQK,zhucheng,zc
3164@zda,章党,ZHT,zhangdang,zd
3165@zdo,肇东,ZDB,zhaodong,zd
3166@zfp,照福铺,ZFM,zhaofupu,zfp
3167@zge,准格尔,ZEC,zhungeer,zge
3168@zgt,章古台,ZGD,zhanggutai,zgt
3169@zgu,赵光,ZGB,zhaoguang,zg
3170@zhe,政和,ZES,zhenghe,zh
3171@zhe,中和,ZHX,zhonghe,zh
3172@zjb,织金北,ZJE,zhijinbei,zjb
3173@zjb,枝江北,ZIN,zhijiangbei,zjb
3174@zjc,钟家村,ZJY,zhongjiacun,zjc
3175@zjg,紫荆关,ZYP,zijingguan,zjg
3176@zjg,朱家沟,ZUB,zhujiagou,zjg
3177@zjt,周家屯,ZOD,zhoujiatun,zjt
3178@zjw,褚家湾,CWJ,zhujiawan,zjw
3179@zka,仲恺,ZKA,zhongkai,zk
3180@zko,曾口,ZKE,zengkou,zk
3181@zla,张兰,ZLV,zhanglan,zl
3182@zli,珠琳,ZOM,zhulin,zl
3183@zli,枣林,ZIV,zaolin,zl
3184@zlt,扎鲁特,ZLD,zhalute,zlt
3185@zmd,樟木头东,ZRQ,zhangmutoudong,zmtd
3186@zmt,樟木头,ZOQ,zhangmutou,zmt
3187@zna,扎囊,ZNO,zhanang,zn
3188@znd,中宁东,ZDJ,zhongningdong,znd
3189@zni,中宁,VNJ,zhongning,zn
3190@zni,周宁,ZNS,zhouning,zn
3191@znn,中宁南,ZNJ,zhongningnan,znn
3192@zpi,邹平,ZLK,zouping,zp
3193@zpi,镇平,ZPF,zhenping,zp
3194@zpu,漳浦,ZCS,zhangpu,zp
3195@zqi,张桥,ZQY,zhangqiao,zq
3196@zqi,枣强,ZVP,zaoqiang,zq
3197@zqi,庄桥,ZQH,zhuangqiao,zq
3198@zrh,朱日和,ZRC,zhurihe,zrh
3199@zsb,中山北,ZGQ,zhongshanbei,zsb
3200@zsd,樟树东,ZOG,zhangshudong,zsd
3201@zsh,钟山,ZSZ,zhongshan,zs
3202@zsh,昭山,KWQ,zhaoshan,zs
3203@zsx,钟山西,ZAZ,zhongshanxi,zsx
3204@zts,支提山,ZIS,zhitishan,zts
3205@zwo,珠窝,ZOP,zhuwo,zw
3206@zwt,张维屯,ZWB,zhangweitun,zwt
3207@zwu,彰武,ZWD,zhangwu,zw
3208@zxi,漳县,ZXJ,zhangxian,zx
3209@zxi,资溪,ZXS,zixi,zx
3210@zxi,棕溪,ZOY,zongxi,zx
3211@zxi,镇西,ZVT,zhenxi,zx
3212@zxi,钟祥,ZTN,zhongxiang,zx
3213@zxi,张辛,ZIP,zhangxin,zx
3214@zxq,正镶白旗,ZXC,zhengxiangbaiqi,zxbq
3215@zyn,遵义南,ZNE,zunyinan,zyn
3216@zzd,枣庄东,ZNK,zaozhuangdong,zzd
3217@zzd,卓资东,ZDC,zhuozidong,zzd
3218@zzh,子洲,ZZY,zizhou,zz
3219@zzh,涿州,ZXP,zhuozhou,zz
3220@zzh,中寨,ZZM,zhongzhai,zz
3221@zzh,壮志,ZUX,zhuangzhi,zz
3222@zzi,咋子,ZAL,zhazi,zz
3223@zzs,卓资山,ZZC,zhuozishan,zzs
3224@bsh,保山,BAM,baoshan,bs
3225@cka,茶卡,CVO,chaka,ck
3226@fyx,富阳西,FUU,fuyangxi,fyx
3227@gju,革居,GEM,geju,gj
3228@hbs,花博山,KBT,huaboshan,hbs
3229@hzx,杭州西,HVU,hangzhouxi,hzx
3231@jzh,绛帐,JZY,jiangzhang,jz
3232@tld,桐庐东,TBU,tongludong,tld
3233@xyc,西阳村,XQF,xiyangcun,xyc
3234@ybi,漾濞,AVM,yangbi,yb
3235@ypx,永平县,APM,yongpingxian,ypx
